Strain,Day,Replicate,Stack,plate,passage,Area,Mean,Min,Max,issues
B960,1,1,1,p2_1,10,0.268,20737.321,18336,23488,
B377,1,1,1,p2_1,10,0.352,20349.177,17239,25692,
C031,1,1,1,p2_1,10,0.03,19746.096,18081,24509,
B560,1,1,1,p2_1,10,0.786,20653.039,16551,27029,
B313,1,1,1,p2_1,10,0.598,20776.284,17215,25699,
B887_cor,1,1,1,p2_1,10,0.097,20857.606,18288,28200,
C272,1,1,1,p2_1,10,0.949,20819.746,16169,29019,
C242,1,1,1,p2_1,10,0.532,21357.11,18833,28168,
C031_cor,1,1,1,p2_1,10,0.226,21703.683,18497,28375,
B316,1,1,1,p2_1,10,0.093,21216.179,18684,27267,
C029,1,1,1,p2_1,10,0.136,21244.972,18249,27876,
B350,1,1,1,p2_1,10,0.119,21471.288,19090,27161,
B908,1,1,2,p2_1,10,0.133,21486.065,18965,24984,
B356,1,1,2,p2_1,10,0.682,20203.797,16643,24236,
B886_cor,1,1,2,p2_1,10,0.724,20417.361,16762,45044,
B308,1,1,2,p2_1,10,0.088,21161.915,18281,27070,
B575,1,1,2,p2_1,10,0.227,21194.531,19009,28848,
C291,1,1,2,p2_1,10,0.157,21276.9,18767,24909,
431alpha,1,1,2,p2_1,10,0.228,19479.516,16552,29639,
C029_cor,1,1,2,p2_1,10,0.186,20339.663,17355,24813,
B886,1,1,2,p2_1,10,0.199,20825.632,17994,25773,
B315,1,1,2,p2_1,10,0.716,20529.873,17519,26724,
C026,1,1,2,p2_1,10,0.179,20429.567,17459,26781,
B354,1,1,2,p2_1,10,0.568,20435.34,17486,25299,
XL280alpha,1,1,3,p2_1,10,0.346,21357.707,18613,25252,
C033,1,1,3,p2_1,10,0.158,21203.725,18403,28486,
B892,1,1,3,p2_1,10,0.1,20589.404,17869,27338,
C271,1,1,3,p2_1,10,0.2,21066.645,18063,25998,
B570,1,1,3,p2_1,10,0.343,20969.986,18519,25470,
C036,1,1,3,p2_1,10,0.183,20923.201,18477,27484,
B307,1,1,3,p2_1,10,0.639,21013.666,18188,25221,
B872,1,1,3,p2_1,10,0.258,21287.36,18661,28017,
B314,1,1,3,p2_1,10,0.105,21886.024,19204,27792,
C039,1,1,3,p2_1,10,0.212,20059.2,17742,26188,
B890,1,1,3,p2_1,10,0.568,20388.683,17311,29397,
B874_cor,1,1,3,p2_1,10,0.787,19291.568,15864,31311,
B317,1,1,4,p2_1,10,0.17,20097.484,18484,26290,
B311,1,1,4,p2_1,10,0.153,20467.15,17544,26399,
B382,1,1,4,p2_1,10,0.538,21423.63,18514,48306,
B930,1,1,4,p2_1,10,0.68,21234.559,13079,27418,
XL280a,1,1,4,p2_1,10,0.155,20376.291,17981,28763,
B906,1,1,4,p2_1,10,0.111,21349.11,18258,29227,
B896,1,1,4,p2_1,10,0.066,21584.992,17109,25174,
B874,1,1,4,p2_1,10,0.157,22023.274,18955,23972,
B518,1,1,4,p2_1,10,0.298,20649.803,18070,28202,
B901,1,1,4,p2_1,10,0.086,21700.215,18499,28552,
B887,1,1,4,p2_1,10,0.112,21680.643,18499,28552,
B410,1,1,4,p2_1,10,0.15,21255.03,17866,27537,
B373,1,1,5,p2_1,10,0.364,21313.122,18563,32544,
C290,1,1,5,p2_1,10,0.608,21265.865,18364,26221,
B961,1,1,5,p2_1,10,0.31,21625.603,18680,26884,
B310,1,1,5,p2_1,10,0.189,20071.428,16534,27890,
B898,1,1,5,p2_1,10,0.738,21260.011,17786,30033,
B358,1,1,5,p2_1,10,0.13,20508.033,18585,24354,
B929,1,1,5,p2_1,10,0.53,20913.688,17742,26548,
C030,1,1,5,p2_1,10,0.086,21493.237,18762,28258,
B873,1,1,5,p2_1,10,0.522,21422.524,18607,27358,
B312,1,1,5,p2_1,10,0.687,20705.127,17424,30024,
B869,1,1,5,p2_1,10,0.211,20042.021,17746,26503,
B599,1,1,5,p2_1,10,0.512,21350.318,17555,31711,
KN99,1,1,6,p2_1,10,0.588,21534.508,18716,28734,
B905,1,1,1,p1_1,11,0.102,20546.949,17706,27064,
B872_cor,1,1,1,p1_1,11,0.221,21052.805,18669,24701,
B580,1,1,1,p1_1,11,0.242,20268.105,17967,25038,
B586,1,1,1,p1_1,11,0.163,20187.321,16144,26332,
B872_cor,1,1,1,p1_1,11,0.796,20867.937,17782,28622,
B564,1,1,1,p1_1,11,0.192,20758.432,18168,24847,
B591,1,1,1,p1_1,11,0.724,20711.274,16371,25931,
B997,1,1,1,p1_1,11,0.949,21306.229,18139,35964,
B611,1,1,1,p1_1,11,0.366,21678.884,18455,25238,
XL280a,1,1,1,p1_1,11,0.147,21741.699,19362,26724,
431alpha,1,1,1,p1_1,11,0.246,20911.93,18376,28900,
KN99,1,1,1,p1_1,11,0.465,21026.45,18516,27351,
B996,1,1,2,p1_1,11,0.467,20915.041,17492,28583,
B397,1,1,2,p1_1,11,0.347,20601.923,17990,25799,
B961_cor,1,1,2,p1_1,11,0.526,20391.093,17354,28479,
B357,1,1,2,p1_1,11,0.174,19666.975,17772,28341,
B575,1,1,2,p1_1,11,0.726,20695.075,17637,26591,
B606,1,1,2,p1_1,11,0.44,20681.012,17833,24783,
B901_cor,1,1,2,p1_1,11,0.218,20290.136,18298,30395,
B373,1,1,2,p1_1,11,0.338,21252.887,10138,26532,
B399,1,1,2,p1_1,11,0.412,20879.557,17870,31065,
B869_cor,1,1,2,p1_1,11,0.158,20717.403,18475,26988,
B579,1,1,2,p1_1,11,0.168,19915.74,17384,30095,
B898_cor,1,1,2,p1_1,11,0.211,19928.875,17903,28655,
B605,1,1,3,p1_1,11,0.448,21011.512,18533,31176,
B574,1,1,3,p1_1,11,0.614,20970.374,17807,26850,
B896_cor,1,1,3,p1_1,11,0.134,20589.692,18083,27705,
B908_cor,1,1,3,p1_1,11,0.742,20519.847,10885,29039,
B407,1,1,3,p1_1,11,0.205,20643.953,18326,23288,
B890_cor,1,1,3,p1_1,11,0.137,20383.017,17847,27052,
B587,1,1,3,p1_1,11,0.641,21017.774,17980,33218,contamination
B369,1,1,3,p1_1,11,0.32,20465.06,17125,25786,
B387,1,1,3,p1_1,11,0.503,20963.818,17835,25238,
B956,1,1,3,p1_1,11,0.136,20947.949,17677,28146,
B364,1,1,3,p1_1,11,0.155,19686.22,18217,25854,
B378,1,1,3,p1_1,11,0.886,20842.02,17692,32823,
B621,1,1,4,p1_1,11,0.582,21086.896,11099,30304,cracked
B876,1,1,4,p1_1,11,0.314,20839.436,18180,33303,
B926,1,1,4,p1_1,11,0.617,20636.764,17527,26684,
B368,1,1,4,p1_1,11,0.276,21088.293,15866,24977,
B960_cor,1,1,4,p1_1,11,0.059,20710.836,17815,26575,
B932,1,1,4,p1_1,11,0.058,20697.66,17848,26591,
B353,1,1,4,p1_1,11,0.099,20397.899,17770,25226,
B588,1,1,4,p1_1,11,0.469,20518.078,17871,23693,
B360,1,1,4,p1_1,11,0.863,20484.46,17254,26508,
B927,1,1,4,p1_1,11,0.171,20539.997,18031,27857,
B565,1,1,4,p1_1,11,0.098,20333.149,17515,28439,
B376,1,1,4,p1_1,11,0.22,20579.971,18733,26438,
B563,1,1,5,p1_1,11,0.993,20881.922,17888,33541,
C001,1,1,5,p1_1,11,0.617,20830.861,17376,30334,
C026_cor,1,1,5,p1_1,11,0.082,20587.132,17848,27400,
C366,1,1,5,p1_1,11,0.55,20733.839,17707,27978,
B374,1,1,5,p1_1,11,0.602,20539.053,16988,25711,
B379,1,1,5,p1_1,11,0.241,20309.616,18157,29144,
B998,1,1,5,p1_1,11,0.106,20704.064,18285,25731,
B906_cor,1,1,5,p1_1,11,0.14,20953.367,18076,27069,
B584,1,1,5,p1_1,11,0.26,20230.872,17478,26643,
B873_cor,1,1,5,p1_1,11,0.156,20783.905,17593,26961,
B600,1,1,5,p1_1,11,0.127,20251.061,17936,26029,
B569,1,1,5,p1_1,11,0.733,20976.757,18023,28730,
B589,1,1,6,p1_1,11,0.318,21014.322,18645,27605,
B585,1,1,6,p1_1,11,0.533,20602.774,17265,24784,
B880,1,1,6,p1_1,11,0.088,19981.077,18061,27144,
B960,12,1,1,p2_1,10,7.398,20477.174,8481,46500,
B377,12,1,1,p2_1,10,4.105,19827.538,16391,30174,
C031,12,1,1,p2_1,10,1.484,20808.702,18222,27091,
B560,12,1,1,p2_1,10,1.953,20200.505,9825,34259,
B313,12,1,1,p2_1,10,4.907,20736.903,15242,27877,
B887_cor,12,1,1,p2_1,10,3.754,20294.846,17562,39154,
C272,12,1,1,p2_1,10,1.445,21164.677,17427,32174,
C242,12,1,1,p2_1,10,2.522,21682.752,14890,27137,
C031_cor,12,1,1,p2_1,10,3.943,20891.854,17554,29031,
B316,12,1,1,p2_1,10,1.07,21202.726,18487,27562,
C029,12,1,1,p2_1,10,3.856,20351.372,9773,43928,
B350,12,1,1,p2_1,10,5.767,21030.308,17431,35824,
B908,12,1,2,p2_1,10,4.228,20982.934,16243,35218,
B356,12,1,2,p2_1,10,1.731,20136.603,17577,30543,
B886_cor,12,1,2,p2_1,10,2.31,20875.678,17535,32923,
B308,12,1,2,p2_1,10,1.943,20230.177,11916,40737,
B575,12,1,2,p2_1,10,8.032,20030.154,13880,62545,
C291,12,1,2,p2_1,10,4.513,20113.842,15182,37483,
431alpha,12,1,2,p2_1,10,2.035,20195.453,17035,34628,
C029_cor,12,1,2,p2_1,10,5.415,20538.913,5684,36055,cracked
B886,12,1,2,p2_1,10,1.972,20369.116,17525,28037,
B315,12,1,2,p2_1,10,1.737,20742.069,17908,31370,
C026,12,1,2,p2_1,10,1.736,21187.525,9948,50231,
B354,12,1,2,p2_1,10,3.272,20344.97,16405,34268,
XL280alpha,12,1,3,p2_1,10,3.685,20467.839,17400,30885,
C033,12,1,3,p2_1,10,2.01,20366.946,17848,30215,
B892,12,1,3,p2_1,10,2.262,19862.232,17094,28394,
C271,12,1,3,p2_1,10,2.699,20544.701,9575,36399,
B570,12,1,3,p2_1,10,0.594,21111.413,18308,25990,
C036,12,1,3,p2_1,10,7.615,20932.088,11324,40134,
B307,12,1,3,p2_1,10,5.365,20640.656,17740,40358,
B872,12,1,3,p2_1,10,4.161,20415.725,8146,40536,
B314,12,1,3,p2_1,10,2.059,20670.224,15558,27980,
C039,12,1,3,p2_1,10,8.708,20151.919,7118,37597,
B890,12,1,3,p2_1,10,4.473,20252.469,8847,43966,
B874_cor,12,1,3,p2_1,10,1.577,19584.091,15685,33006,
B317,12,1,4,p2_1,10,8.636,19724.263,11210,37882,
B311,12,1,4,p2_1,10,1.187,20094.8,10438,29776,
B382,12,1,4,p2_1,10,2.066,20523.901,18115,25761,
B930,12,1,4,p2_1,10,2.725,20431.366,17803,37137,
XL280a,12,1,4,p2_1,10,3.363,20458.312,17220,25575,
B906,12,1,4,p2_1,10,3.79,20337.052,17322,31157,
B896,12,1,4,p2_1,10,1.148,21160.781,7888,32047,cracked
B874,12,1,4,p2_1,10,0.466,22263.093,19024,41157,
B518,12,1,4,p2_1,10,1.868,21187.013,18111,27107,
B901,12,1,4,p2_1,10,6.077,20106.671,16125,29571,
B887,12,1,4,p2_1,10,5.488,20598.15,10280,41751,
B410,12,1,4,p2_1,10,1.045,21074.482,18301,35690,
B373,12,1,5,p2_1,10,1.452,20408.597,18031,29864,
C290,12,1,5,p2_1,10,2.122,20123.011,17944,31170,
B961,12,1,5,p2_1,10,4.059,20296.628,17309,33001,contaminated
B310,12,1,5,p2_1,10,1.947,20332.639,15725,40937,
B898,12,1,5,p2_1,10,2.165,20577.118,17764,30417,
B358,12,1,5,p2_1,10,8.622,19985.627,12080,39442,
B929,12,1,5,p2_1,10,0.966,20830.415,18362,31249,
C030,12,1,5,p2_1,10,2.672,20711.656,16526,36134,
B873,12,1,5,p2_1,10,3.477,20947.705,16770,28749,
B312,12,1,5,p2_1,10,4.193,20161.569,17253,40739,
B869,12,1,5,p2_1,10,4.288,19840.764,8903,49294,
B599,12,1,5,p2_1,10,6.12,20834.752,13597,34798,
KN99,12,1,6,p2_1,10,7.238,20269.962,14059,38749,
B905,12,1,1,p1_1,11,4.316,19836.367,16967,29750,
B872_cor,12,1,1,p1_1,11,3.928,20990.584,7638,29477,
B580,12,1,1,p1_1,11,1.642,20553.629,17756,36530,contaminated
B586,12,1,1,p1_1,11,3.428,19545.367,12807,38205,contaminated
B872_cor,12,1,1,p1_1,11,2.355,20058.342,17524,31762,
B564,12,1,1,p1_1,11,5.575,20261.787,14237,36762,
B591,12,1,1,p1_1,11,1.903,20042.053,17168,41912,
B997,12,1,1,p1_1,11,1.895,20358.107,16154,31014,
B611,12,1,1,p1_1,11,2.005,21473.089,18903,26950,
XL280a,12,1,1,p1_1,11,4.809,21181.61,16601,38260,
431alpha,12,1,1,p1_1,11,2.996,20181.444,9555,29881,
KN99,12,1,1,p1_1,11,7.384,19807.162,9265,35346,
B996,12,1,2,p1_1,11,3.144,20783.792,17906,31975,
B397,12,1,2,p1_1,11,3.219,20481.209,11126,29739,
B961_cor,12,1,2,p1_1,11,1.957,19925.104,17414,29129,
B357,12,1,2,p1_1,11,1.649,19602.739,17333,28997,
B575,12,1,2,p1_1,11,3.374,19807.186,15617,52373,
B606,12,1,2,p1_1,11,3.143,20399.699,17556,29679,
B901_cor,12,1,2,p1_1,11,6.54,19863.762,16253,38064,
B373,12,1,2,p1_1,11,1.778,21058.989,15284,34690,
B399,12,1,2,p1_1,11,2.075,20957.658,18308,25947,
B869_cor,12,1,2,p1_1,11,3.626,20135.318,17194,28674,
B579,12,1,2,p1_1,11,1.27,20496.21,17633,29521,
B898_cor,12,1,2,p1_1,11,4.153,19558.946,17331,33065,
B605,12,1,3,p1_1,11,4.36,37227.564,32334,52774,
B574,12,1,3,p1_1,11,1.75,36340.365,20084,52673,
B896_cor,12,1,3,p1_1,11,2.634,35510.785,31610,51750,
B908_cor,12,1,3,p1_1,11,3.146,34824.276,19587,60351,
B407,12,1,3,p1_1,11,0.958,37367.47,32937,46476,
B890_cor,12,1,3,p1_1,11,1.422,37511.81,31969,51012,
B587,12,1,3,p1_1,11,1.681,38075.055,32531,62139,contaminated
B369,12,1,3,p1_1,11,8.469,35829.684,11311,59679,
B387,12,1,3,p1_1,11,2.697,35920.926,31310,50850,
B956,12,1,3,p1_1,11,3.113,36688.439,31006,54236,
B364,12,1,3,p1_1,11,4.898,35652.321,19315,62044,
B378,12,1,3,p1_1,11,2.966,37025.503,32068,49497,
B621,12,1,4,p1_1,11,1.661,37705.588,6809,53316,cracked
B876,12,1,4,p1_1,11,1.355,37535.003,13738,49737,
B926,12,1,4,p1_1,11,2.422,36935.323,32003,52915,
B368,12,1,4,p1_1,11,1.106,37159.569,25782,64534,
B960_cor,12,1,4,p1_1,11,0.924,38304.586,29700,47914,
B932,12,1,4,p1_1,11,2.264,37920.523,27694,53906,
B353,12,1,4,p1_1,11,0.819,37198.498,32313,48318,
B588,12,1,4,p1_1,11,1.462,37522.627,28949,52783,
B360,12,1,4,p1_1,11,1.98,35531.236,31085,50209,
B927,12,1,4,p1_1,11,3.444,35500.653,31816,52609,
B565,12,1,4,p1_1,11,2.542,34689.774,30561,49991,
B376,12,1,4,p1_1,11,7.894,35045.844,22626,65534,
B563,12,1,5,p1_1,11,2.192,37854.725,32609,53276,
C001,12,1,5,p1_1,11,2.018,36229.232,21087,54141,
C026_cor,12,1,5,p1_1,11,3.252,35888.336,31346,50209,
C366,12,1,5,p1_1,11,3.974,36187.167,19632,61477,
B374,12,1,5,p1_1,11,1.324,37593.256,28762,46556,
B379,12,1,5,p1_1,11,3.632,36224.96,31962,54868,
B998,12,1,5,p1_1,11,2.309,36309.226,31771,51318,
B906_cor,12,1,5,p1_1,11,1.47,36698.979,31171,59017,contaminated
B584,12,1,5,p1_1,11,3.488,34362.531,30305,51212,
B873_cor,12,1,5,p1_1,11,2.149,35775.087,31569,50402,
B600,12,1,5,p1_1,11,7.444,35658.488,17577,56435,
B569,12,1,5,p1_1,11,6.631,36943.747,19703,65534,
B589,12,1,6,p1_1,11,3.638,36099.255,32299,65533,
B585,12,1,6,p1_1,11,2.399,37686.591,32384,54235,
B880,12,1,6,p1_1,11,3.197,35981.73,26641,64364,
B599,1,2,1,2_2-1_2_firsthalf,4,0.584,40294.159,34461,46710,
B382,1,2,1,2_2-1_2_firsthalf,4,0.712,39330.055,33549,47175,
B901,1,2,1,2_2-1_2_firsthalf,4,0.122,39249.062,35624,46284,
B308,1,2,1,2_2-1_2_firsthalf,4,0.059,38503.193,34184,45535,
C290,1,2,1,2_2-1_2_firsthalf,4,0.187,38575.376,35530,46101,
XL280a,1,2,1,2_2-1_2_firsthalf,4,0.148,37042.6,31936,42984,
B570,1,2,1,2_2-1_2_firsthalf,4,0.587,38218.121,32888,46420,
B906,1,2,1,2_2-1_2_firsthalf,4,0.112,39003.381,35006,62419,
B350,1,2,1,2_2-1_2_firsthalf,4,0.727,37673.001,32924,65533,
C090,1,2,1,2_2-1_2_firsthalf,4,0.114,39546.371,34759,48950,
B560,1,2,1,2_2-1_2_firsthalf,4,0.821,39073.906,33178,46442,
B410,1,2,1,2_2-1_2_firsthalf,4,0.116,40068.327,34672,52443,
B890,1,2,2,2_2-1_2_firsthalf,4,0.164,37432.114,32310,54557,
431alpha,1,2,2,2_2-1_2_firsthalf,4,0.224,38786.133,35137,45463,
B316,1,2,2,2_2-1_2_firsthalf,4,0.104,36991.258,31540,49693,
B892_cor,1,2,2,2_2-1_2_firsthalf,4,0.218,40064.631,36417,48215,
B873,1,2,2,2_2-1_2_firsthalf,4,0.282,36569.628,29340,48049,
B818,1,2,2,2_2-1_2_firsthalf,4,0.098,36683.638,33500,51053,
B563,1,2,2,2_2-1_2_firsthalf,4,1.026,38456.518,31744,51176,
B896_cor,1,2,2,2_2-1_2_firsthalf,4,0.178,39789.006,34374,57104,
B373,1,2,2,2_2-1_2_firsthalf,4,0.713,40971.329,35669,65534,
B611,1,2,2,2_2-1_2_firsthalf,4,0.214,40333.012,36756,43188,
B961_cor,1,2,2,2_2-1_2_firsthalf,4,0.467,39939.006,35156,53610,
B580,1,2,2,2_2-1_2_firsthalf,4,0.179,39189.204,35531,51866,
B872,1,2,3,2_2-1_2_firsthalf,4,0.112,37201.917,32375,48794,
C242,1,2,3,2_2-1_2_firsthalf,4,0.619,38467.952,33306,45039,
B869,1,2,3,2_2-1_2_firsthalf,4,0.167,40084.371,34617,64736,
B310,1,2,3,2_2-1_2_firsthalf,4,0.156,36317.979,32164,49614,
B874,1,2,3,2_2-1_2_firsthalf,4,0.115,39662.006,35783,46757,
B313,1,2,3,2_2-1_2_firsthalf,4,0.606,37596.56,30172,46724,
B579,1,2,3,2_2-1_2_firsthalf,4,0.034,39101.113,36085,46566,
B575,1,2,3,2_2-1_2_firsthalf,4,0.776,38963.929,33165,52843,
B588,1,2,3,2_2-1_2_firsthalf,4,0.233,38842.197,35202,45156,
B896,1,2,3,2_2-1_2_firsthalf,4,0.903,39404.855,33454,46776,
B379,1,2,3,2_2-1_2_firsthalf,4,0.138,38166.922,34853,49700,
B880,1,2,3,2_2-1_2_firsthalf,4,0.177,39174.028,32029,53887,
B396,1,2,4,2_2-1_2_firsthalf,4,0.317,40365.291,35727,49845,
B905,1,2,4,2_2-1_2_firsthalf,4,0.084,39222.541,33994,51482,
B399,1,2,4,2_2-1_2_firsthalf,4,0.242,39816.416,33704,43094,
B996,1,2,4,2_2-1_2_firsthalf,4,0.613,39429.545,33983,43853,
B377,1,2,4,2_2-1_2_firsthalf,4,0.299,40243.465,35601,44418,
B587,1,2,4,2_2-1_2_firsthalf,4,0.775,38041.074,32489,44873,
B591,1,2,4,2_2-1_2_firsthalf,4,0.601,39908.205,29397,60025,contaminated
B584,1,2,4,2_2-1_2_firsthalf,4,0.277,38895.017,33616,52796,
B378,1,2,4,2_2-1_2_firsthalf,4,0.975,40049.494,33569,65534,
B997,1,2,4,2_2-1_2_firsthalf,4,0.174,37291.165,33831,55484,
B586,1,2,4,2_2-1_2_firsthalf,4,0.143,38091.151,34669,48512,
B407,1,2,4,2_2-1_2_firsthalf,4,0.617,38306.059,33453,48264,
B901_cor,1,2,5,2_2-1_2_firsthalf,4,0.155,40144.105,36312,50287,
B908_cor,1,2,5,2_2-1_2_firsthalf,4,0.843,39456.347,33744,52706,
B926,1,2,5,2_2-1_2_firsthalf,4,0.442,39641.315,33101,45314,
B832,1,2,5,2_2-1_2_firsthalf,4,0.455,41106.352,35634,51302,?
B374,1,2,5,2_2-1_2_firsthalf,4,1.009,39175.96,34235,48132,
B998,1,2,5,2_2-1_2_firsthalf,4,0.8,39700.883,34764,45264,
B876,1,2,5,2_2-1_2_firsthalf,4,0.846,38008.032,32255,58165,
B383,1,2,5,2_2-1_2_firsthalf,4,0.403,37048.986,31531,45326,
B961,1,2,5,2_2-1_2_firsthalf,4,0.258,40137.446,33616,48935,
B886,1,2,5,2_2-1_2_firsthalf,4,0.063,40423.554,35995,46737,
B595,1,2,5,2_2-1_2_firsthalf,4,0.275,39978.504,35910,46864,
B354,1,2,5,2_2-1_2_firsthalf,4,0.65,38028.934,32633,49194,
Kn99,1,2,6,2_2-1_2_firsthalf,4,0.364,40164.999,33661,47589,
B599,12,2,1,2_2-1_2_firsthalf,4,4.027,38647.528,30470,65532,
B382,12,2,1,2_2-1_2_firsthalf,4,1.262,37723.389,33564,51428,
B901,12,2,1,2_2-1_2_firsthalf,4,2.895,36886.188,33236,50911,
B308,12,2,1,2_2-1_2_firsthalf,4,1.494,37947.13,32805,48070,
C290,12,2,1,2_2-1_2_firsthalf,4,2.059,38497.195,32323,64236,
XL280a,12,2,1,2_2-1_2_firsthalf,4,0.675,37998.063,32469,46399,
B570,12,2,1,2_2-1_2_firsthalf,4,0.64,37737.775,33166,48826,
B906,12,2,1,2_2-1_2_firsthalf,4,2.421,36832.796,32431,51677,
B350,12,2,1,2_2-1_2_firsthalf,4,1.684,37890.449,32957,49812,
C090,12,2,1,2_2-1_2_firsthalf,4,2.384,38012.954,33125,49966,
B560,12,2,1,2_2-1_2_firsthalf,4,1.35,36691.827,32963,47205,
B410,12,2,1,2_2-1_2_firsthalf,4,1.009,37531.412,33598,50116,
B890,12,2,2,2_2-1_2_firsthalf,4,1.992,38034.332,32283,52694,
431alpha,12,2,2,2_2-1_2_firsthalf,4,2.901,36457.14,32243,50130,
B316,12,2,2,2_2-1_2_firsthalf,4,0.6,35113.391,30406,50044,
B892_cor,12,2,2,2_2-1_2_firsthalf,4,4.564,37960.334,32865,65056,
B873,12,2,2,2_2-1_2_firsthalf,4,1.754,35468.184,1492,56549,
B818,12,2,2,2_2-1_2_firsthalf,4,3.831,36905.104,31262,53854,
B563,12,2,2,2_2-1_2_firsthalf,4,1.813,39057.546,34327,50989,contaminated
B896_cor,12,2,2,2_2-1_2_firsthalf,4,2.791,38459.616,32999,62412,
B373,12,2,2,2_2-1_2_firsthalf,4,,,,,detached
B611,12,2,2,2_2-1_2_firsthalf,4,,,,,detached
B961_cor,12,2,2,2_2-1_2_firsthalf,4,1.763,40895.194,35202,51559,
B580,12,2,2,2_2-1_2_firsthalf,4,2.279,38472.112,33061,55415,
B872,12,2,3,2_2-1_2_firsthalf,4,0.449,34631.944,31031,57198,contaminated
C242,12,2,3,2_2-1_2_firsthalf,4,1.53,38008.209,32877,46017,
B869,12,2,3,2_2-1_2_firsthalf,4,0.612,39566.333,34547,53663,
B310,12,2,3,2_2-1_2_firsthalf,4,2.357,33548.517,29586,52608,
B874,12,2,3,2_2-1_2_firsthalf,4,0.351,38509.616,34494,46805,
B313,12,2,3,2_2-1_2_firsthalf,4,2.793,36332.007,30351,47558,
B579,12,2,3,2_2-1_2_firsthalf,4,1.21,39891.367,35069,47291,
B575,12,2,3,2_2-1_2_firsthalf,4,2.946,36342.025,32585,63039,
B588,12,2,3,2_2-1_2_firsthalf,4,0.657,38279.244,33527,45770,
B896,12,2,3,2_2-1_2_firsthalf,4,1.878,40069.141,34934,49178,
B379,12,2,3,2_2-1_2_firsthalf,4,5.012,38235.644,32631,50928,
B880,12,2,3,2_2-1_2_firsthalf,4,1.59,38886.402,33638,56407,
B396,12,2,4,2_2-1_2_firsthalf,4,3.283,38180.109,33927,50699,
B905,12,2,4,2_2-1_2_firsthalf,4,0.953,36630.901,32984,49760,
B399,12,2,4,2_2-1_2_firsthalf,4,1.32,39556.368,34795,47219,
B996,12,2,4,2_2-1_2_firsthalf,4,1.846,38852.056,33519,50570,
B377,12,2,4,2_2-1_2_firsthalf,4,1.619,38860.94,34052,49243,
B587,12,2,4,2_2-1_2_firsthalf,4,1.446,38052.618,33520,46809,
B591,12,2,4,2_2-1_2_firsthalf,4,1.29,38309.159,25116,53358,contaminated
B584,12,2,4,2_2-1_2_firsthalf,4,1.673,36293.333,20898,63207,contaminated
B378,12,2,4,2_2-1_2_firsthalf,4,1.737,38264.787,33744,46157,
B997,12,2,4,2_2-1_2_firsthalf,4,0.873,35941.297,32452,53098,
B586,12,2,4,2_2-1_2_firsthalf,4,4.518,36616.605,32091,54680,
B407,12,2,4,2_2-1_2_firsthalf,4,0.589,38120.063,33234,52540,
B901_cor,12,2,5,2_2-1_2_firsthalf,4,4.391,38071.755,33760,49288,
B908_cor,12,2,5,2_2-1_2_firsthalf,4,1.327,37434.573,33494,53305,
B926,12,2,5,2_2-1_2_firsthalf,4,0.926,38364.731,34387,44729,
B832,12,2,5,2_2-1_2_firsthalf,4,0.619,40020.39,35491,54089,
B374,12,2,5,2_2-1_2_firsthalf,4,1.318,38762.511,33695,46362,
B998,12,2,5,2_2-1_2_firsthalf,4,1.748,40899.339,35173,50150,
B876,12,2,5,2_2-1_2_firsthalf,4,1.503,38044.518,33216,49634,
B383,12,2,5,2_2-1_2_firsthalf,4,1.331,34257.928,31031,50606,
B961,12,2,5,2_2-1_2_firsthalf,4,0.764,36959.142,33355,48971,
B886,12,2,5,2_2-1_2_firsthalf,4,0.683,38448.806,33907,44721,
B595,12,2,5,2_2-1_2_firsthalf,4,5.511,37660.398,30237,52905,
B354,12,2,5,2_2-1_2_firsthalf,4,2.055,35894.454,30951,53530,
Kn99,12,2,6,2_2-1_2_firsthalf,4,,,,,detached
C033,1,2,1,2_2-1_2_secondhalf,5,0.103,38005.382,34985,47066,
B377,1,2,1,2_2-1_2_secondhalf,5,0.252,38529.241,35180,45361,
B358,1,2,1,2_2-1_2_secondhalf,5,0.206,38385.042,35012,42307,
B311,1,2,1,2_2-1_2_secondhalf,5,0.385,37615.361,30149,47144,
B886_cor,1,2,1,2_2-1_2_secondhalf,5,0.226,37785.055,33633,44334,
B567,1,2,1,2_2-1_2_secondhalf,5,0.268,36379.732,33237,51589,
B927,1,2,1,2_2-1_2_secondhalf,5,0.251,38487.234,34084,43019,
B872_cor,1,2,1,2_2-1_2_secondhalf,5,0.794,38187.372,32938,58550,
B360,1,2,1,2_2-1_2_secondhalf,5,0.588,38725.308,33374,47397,
B873_cor,1,2,1,2_2-1_2_secondhalf,5,0.123,40021.111,34448,50071,
B553,1,2,1,2_2-1_2_secondhalf,5,0.101,39836.2,35662,45886,
B366,1,2,1,2_2-1_2_secondhalf,5,0.169,37541.18,34517,46051,
B356,1,2,2,2_2-1_2_secondhalf,5,0.431,38509.62,34337,45351,
C031_cor,1,2,2,2_2-1_2_secondhalf,5,0.154,39444.714,34280,52186,
B950,1,2,2,2_2-1_2_secondhalf,5,0.184,38583.385,34409,41552,
C029_cor,1,2,2,2_2-1_2_secondhalf,5,0.487,38330.934,33220,44786,
B887,1,2,2,2_2-1_2_secondhalf,5,0.108,38444.034,34114,51344,
C026,1,2,2,2_2-1_2_secondhalf,5,0.107,38071.679,34327,51419,
B960,1,2,2,2_2-1_2_secondhalf,5,0.295,38178.157,33170,58374,
B564,1,2,2,2_2-1_2_secondhalf,5,0.168,39704.619,35312,54002,
B952,1,2,2,2_2-1_2_secondhalf,5,0.087,39277.681,35617,46594,
B387,1,2,2,2_2-1_2_secondhalf,5,0.445,39378.524,34083,46970,
B600,1,2,2,2_2-1_2_secondhalf,5,0.069,37545.185,34505,44312,
B569,1,2,2,2_2-1_2_secondhalf,5,0.277,39499.165,35011,58092,
B383,1,2,3,2_2-1_2_secondhalf,5,0.103,38471.739,33508,51512,
B574,1,2,3,2_2-1_2_secondhalf,5,0.59,39118.91,33034,47358,
C026_cor,1,2,3,2_2-1_2_secondhalf,5,0.068,37813.919,33047,48950,
B357,1,2,3,2_2-1_2_secondhalf,5,0.339,39346.141,34731,55644,
B585,1,2,3,2_2-1_2_secondhalf,5,0.153,38906.226,36210,41959,
B869_cor,1,2,3,2_2-1_2_secondhalf,5,0.3,39499.468,33707,52174,
C039,1,2,3,2_2-1_2_secondhalf,5,0.148,37579.946,34027,49016,
B887_cor,1,2,3,2_2-1_2_secondhalf,5,0.187,39166.059,33456,48217,
B314,1,2,3,2_2-1_2_secondhalf,5,0.088,39888.297,34701,51175,
B874_cor,1,2,3,2_2-1_2_secondhalf,5,0.067,39658.669,36208,43946,
C271,1,2,3,2_2-1_2_secondhalf,5,0.689,38490.497,32714,47764,
B929,1,2,3,2_2-1_2_secondhalf,5,0.15,38549.622,33742,52341,
B312,1,2,4,2_2-1_2_secondhalf,5,0.267,37343.574,34295,44752,
B598,1,2,4,2_2-1_2_secondhalf,5,0.719,41537.611,36827,55449,
B908,1,2,4,2_2-1_2_secondhalf,5,0.083,40061.299,37017,45945,
B317,1,2,4,2_2-1_2_secondhalf,5,0.211,37725.553,34725,46692,
XL280alpha,1,2,4,2_2-1_2_secondhalf,5,0.15,39559.034,33758,48058,
B307,1,2,4,2_2-1_2_secondhalf,5,0.695,37817.836,32122,49358,
C001,1,2,4,2_2-1_2_secondhalf,5,0.55,38958.261,33166,53305,
B890_cor,1,2,4,2_2-1_2_secondhalf,5,0.127,38693.673,34816,43894,
B605,1,2,4,2_2-1_2_secondhalf,5,0.475,39994.605,34282,46086,
B606,1,2,4,2_2-1_2_secondhalf,5,0.441,39884.172,33857,47733,
B621,1,2,4,2_2-1_2_secondhalf,5,0.197,38970.98,34322,42688,
B368,1,2,4,2_2-1_2_secondhalf,5,0.322,38484.3,34882,47897,
B960_cor,1,2,5,2_2-1_2_secondhalf,5,0.391,39243.641,33309,47532,
C291,1,2,5,2_2-1_2_secondhalf,5,0.178,38252.506,33839,44349,
C031,1,2,5,2_2-1_2_secondhalf,5,0.537,38456.146,32772,45755,
431alpha,1,2,5,2_2-1_2_secondhalf,5,0.243,37749.529,33466,46282,
Kn99,1,2,5,2_2-1_2_secondhalf,5,0.981,38086.942,31705,47796,
B315,1,2,5,2_2-1_2_secondhalf,5,0.193,38834.958,35527,45616,
B369,1,2,5,2_2-1_2_secondhalf,5,0.374,39517.826,33932,62130,
B956,1,2,5,2_2-1_2_secondhalf,5,0.157,38267.491,32716,48291,
B888_cor,1,2,5,2_2-1_2_secondhalf,5,0.226,39631.722,35314,53005,
B889,1,2,5,2_2-1_2_secondhalf,5,0.172,40017.234,34459,46905,
B565,1,2,5,2_2-1_2_secondhalf,5,0.102,38014.382,33354,48744,
B906_cor,1,2,5,2_2-1_2_secondhalf,5,0.147,39948.186,35473,52489,
C272,1,2,6,2_2-1_2_secondhalf,5,0.232,39007.136,34979,43047,
C036,1,2,6,2_2-1_2_secondhalf,5,0.555,37951.112,32261,56454,
C033,12,2,1,2_2-1_2_secondhalf,5,3.835,35847.55,31634,49103,
B377,12,2,1,2_2-1_2_secondhalf,5,5.847,36865.793,23775,52699,
B358,12,2,1,2_2-1_2_secondhalf,5,0.851,36519.75,32468,49257,
B311,12,2,1,2_2-1_2_secondhalf,5,2.882,37915.169,31769,65534,
B886_cor,12,2,1,2_2-1_2_secondhalf,5,1.872,35528.994,31812,53076,
B567,12,2,1,2_2-1_2_secondhalf,5,2.374,37504.759,32474,60522,
B927,12,2,1,2_2-1_2_secondhalf,5,0.867,38685.402,32787,48246,
B872_cor,12,2,1,2_2-1_2_secondhalf,5,2.261,37303.566,31929,50965,
B360,12,2,1,2_2-1_2_secondhalf,5,4.811,36327.485,31920,51751,
B873_cor,12,2,1,2_2-1_2_secondhalf,5,0.629,37530.123,8159,47262,cracked
B553,12,2,1,2_2-1_2_secondhalf,5,7.017,36123.478,19933,57004,
B366,12,2,1,2_2-1_2_secondhalf,5,0.857,37083.26,33343,65289,
B356,12,2,2,2_2-1_2_secondhalf,5,1.96,36125.055,32907,51151,
C031_cor,12,2,2,2_2-1_2_secondhalf,5,6.153,35288.132,31027,53084,
B950,12,2,2,2_2-1_2_secondhalf,5,0.952,37584.538,33365,53539,
C029_cor,12,2,2,2_2-1_2_secondhalf,5,3.097,35257.511,30900,50537,
B887,12,2,2,2_2-1_2_secondhalf,5,5.051,36053.434,29684,51682,
C026,12,2,2,2_2-1_2_secondhalf,5,3.27,36656.762,32353,53560,
B960,12,2,2,2_2-1_2_secondhalf,5,2.219,35893.398,31567,49982,
B564,12,2,2,2_2-1_2_secondhalf,5,1.242,37286.964,33289,48565,
B952,12,2,2,2_2-1_2_secondhalf,5,2.317,37353.93,31126,53249,
B387,12,2,2,2_2-1_2_secondhalf,5,1.537,35282.73,31607,48694,
B600,12,2,2,2_2-1_2_secondhalf,5,0.772,37763.82,33617,47997,
B569,12,2,2,2_2-1_2_secondhalf,5,4.096,36837.207,31470,65411,
B383,12,2,3,2_2-1_2_secondhalf,5,1.389,36228.362,32221,50300,
B574,12,2,3,2_2-1_2_secondhalf,5,1.151,34974.487,30852,48899,
C026_cor,12,2,3,2_2-1_2_secondhalf,5,,,,,detached
B357,12,2,3,2_2-1_2_secondhalf,5,2.766,38479.683,32591,65534,
B585,12,2,3,2_2-1_2_secondhalf,5,3.415,36324.949,31821,52818,
B869_cor,12,2,3,2_2-1_2_secondhalf,5,5.138,36768.656,29607,52682,
C039,12,2,3,2_2-1_2_secondhalf,5,5.652,36905.603,30138,61744,
B887_cor,12,2,3,2_2-1_2_secondhalf,5,0.919,36935.716,33304,51306,
B314,12,2,3,2_2-1_2_secondhalf,5,0.886,38663.563,33622,44759,
B874_cor,12,2,3,2_2-1_2_secondhalf,5,3.861,37587.093,30996,50372,
C271,12,2,3,2_2-1_2_secondhalf,5,1.136,37986.273,32745,49192,
B929,12,2,3,2_2-1_2_secondhalf,5,5.14,35539.68,23273,65533,
B312,12,2,4,2_2-1_2_secondhalf,5,5.178,35538.917,23273,65533,
B598,12,2,4,2_2-1_2_secondhalf,5,0.66,39689.767,34817,54783,
B908,12,2,4,2_2-1_2_secondhalf,5,0.375,37842.486,34326,43222,
B317,12,2,4,2_2-1_2_secondhalf,5,3.487,35704.788,29101,62432,
XL280alpha,12,2,4,2_2-1_2_secondhalf,5,0.593,36184.808,32958,45628,
B307,12,2,4,2_2-1_2_secondhalf,5,2.634,36065.076,32043,53381,
C001,12,2,4,2_2-1_2_secondhalf,5,1.609,36858.779,32609,52486,
B890_cor,12,2,4,2_2-1_2_secondhalf,5,1.147,38261.353,33586,61793,
B605,12,2,4,2_2-1_2_secondhalf,5,2.63,38157.306,33512,47398,
B606,12,2,4,2_2-1_2_secondhalf,5,3.828,37709.328,33002,49949,
B621,12,2,4,2_2-1_2_secondhalf,5,4.903,37790.219,31836,52200,
B368,12,2,4,2_2-1_2_secondhalf,5,1.546,37284.08,32319,54322,
B960_cor,12,2,5,2_2-1_2_secondhalf,5,2.184,35867.56,32000,50247,
C291,12,2,5,2_2-1_2_secondhalf,5,6.47,37515.923,24144,61562,
C031,12,2,5,2_2-1_2_secondhalf,5,3.276,36204.793,32623,54142,
431alpha,12,2,5,2_2-1_2_secondhalf,5,3.684,37402.958,23020,50206,
Kn99,12,2,5,2_2-1_2_secondhalf,5,5.99,35882.479,29060,65534,
B315,12,2,5,2_2-1_2_secondhalf,5,5.931,37285.768,30111,50465,
B369,12,2,5,2_2-1_2_secondhalf,5,4.776,36311.195,26690,52420,
B956,12,2,5,2_2-1_2_secondhalf,5,3.555,35322.011,31254,65097,
B888_cor,12,2,5,2_2-1_2_secondhalf,5,1.721,36799.205,34031,52782,
B889,12,2,5,2_2-1_2_secondhalf,5,2.264,37337.023,32905,49919,
B565,12,2,5,2_2-1_2_secondhalf,5,1.234,35593.565,31987,50789,
B906_cor,12,2,5,2_2-1_2_secondhalf,5,2.361,36760.384,32869,49307,
C272,12,2,6,2_2-1_2_secondhalf,5,0.84,38587.216,34965,55362,
C036,12,2,6,2_2-1_2_secondhalf,5,1.424,35429.335,31584,50360,
B399,1,3,1,2_3-1_3_secondhalf,9,0.347,38257.617,34670,42840,
B901_cor,1,3,1,2_3-1_3_secondhalf,9,0.214,38041.853,33308,46349,
431alpha,1,3,1,2_3-1_3_secondhalf,9,0.375,38958.85,34557,48139,
B929,1,3,1,2_3-1_3_secondhalf,9,0.165,39673.392,36643,44120,
B311,1,3,1,2_3-1_3_secondhalf,9,0.098,38118.333,32058,44146,
B314,1,3,1,2_3-1_3_secondhalf,9,0.154,40439.803,35079,46654,
B896,1,3,1,2_3-1_3_secondhalf,9,0.733,37969.413,32740,49643,
B307,1,3,1,2_3-1_3_secondhalf,9,0.306,38886.678,33759,43633,
B873,1,3,1,2_3-1_3_secondhalf,9,0.38,38998.543,34443,46468,
B358,1,3,1,2_3-1_3_secondhalf,9,0.255,38910.31,34723,45156,
B600,1,3,1,2_3-1_3_secondhalf,9,0.067,40327.213,35469,47793,
B906_cor,1,3,1,2_3-1_3_secondhalf,9,0.206,40334.726,35083,50340,
B360,1,3,2,2_3-1_3_secondhalf,9,0.194,37590.964,33277,46076,
B364,1,3,2,2_3-1_3_secondhalf,9,0.258,36743.031,32766,50872,
B397,1,3,2,2_3-1_3_secondhalf,9,0.379,37885.381,32435,43548,
B574,1,3,2,2_3-1_3_secondhalf,9,0.213,37744.796,33306,45432,
B996,1,3,2,2_3-1_3_secondhalf,9,0.242,37548.159,32823,45077,
B575,1,3,2,2_3-1_3_secondhalf,9,0.19,36659.995,33925,47590,
B876,1,3,2,2_3-1_3_secondhalf,9,0.438,37340.215,33035,40237,
B872_cor,1,3,2,2_3-1_3_secondhalf,9,0.385,37292.239,32260,40514,
B605,1,3,2,2_3-1_3_secondhalf,9,0.568,38480.345,33324,45012,
B368,1,3,2,2_3-1_3_secondhalf,9,0.163,36773.243,33644,45976,
B892_cor,1,3,2,2_3-1_3_secondhalf,9,0.303,37932.899,32749,49104,
B952,1,3,2,2_3-1_3_secondhalf,9,0.154,38199.161,34365,43066,
B407,1,3,3,2_3-1_3_secondhalf,9,0.147,37547.13,33012,41429,
B956,1,3,3,2_3-1_3_secondhalf,9,0.592,36594.097,30671,47670,
B585,1,3,3,2_3-1_3_secondhalf,9,0.586,38983.741,33812,52632,
B579,1,3,3,2_3-1_3_secondhalf,9,0.367,37308.138,31582,44537,
B997,1,3,3,2_3-1_3_secondhalf,9,0.566,39678.431,33898,56415,
B960_cor,1,3,3,2_3-1_3_secondhalf,9,0.193,39516.821,34399,51115,
B887_cor,1,3,3,2_3-1_3_secondhalf,9,0.137,36969.502,31717,45873,
B315,1,3,3,2_3-1_3_secondhalf,9,0.391,37905.15,32140,61800,
B560,1,3,3,2_3-1_3_secondhalf,9,0.814,37636.456,31610,45916,
C059,1,3,3,2_3-1_3_secondhalf,9,0.263,38179.645,33215,43051,
B886,1,3,3,2_3-1_3_secondhalf,9,0.155,38603.905,33614,45338,
C291,1,3,3,2_3-1_3_secondhalf,9,0.209,37391.841,34257,47881,
C029_cor,1,3,4,2_3-1_3_secondhalf,9,0.114,37062.043,33125,42201,
B930,1,3,4,2_3-1_3_secondhalf,9,0.186,37780.598,32810,42411,
B356,1,3,4,2_3-1_3_secondhalf,9,0.347,37513.492,33368,42088,
XL280alpha,1,3,4,2_3-1_3_secondhalf,9,0.085,38053.007,34606,42374,
B890_cor,1,3,4,2_3-1_3_secondhalf,9,0.17,37057.854,32597,44637,
B896_cor,1,3,4,2_3-1_3_secondhalf,9,0.139,38638.222,32611,48769,
B570,1,3,4,2_3-1_3_secondhalf,9,0.102,37257.268,33905,40056,
B874_cor,1,3,4,2_3-1_3_secondhalf,9,0.111,38360.402,33422,52289,contaminated
B382,1,3,4,2_3-1_3_secondhalf,9,0.665,37908.214,33163,41934,
C036,1,3,4,2_3-1_3_secondhalf,9,0.312,38574.649,33144,43910,
C031_cor,1,3,4,2_3-1_3_secondhalf,9,0.336,38193.101,31892,49441,
B317,1,3,4,2_3-1_3_secondhalf,9,0.246,36832.913,33077,46095,
XL280a,1,3,5,2_3-1_3_secondhalf,9,0.055,38205.132,32866,45692,
Kn99,1,3,5,2_3-1_3_secondhalf,9,0.162,38189.746,33734,45291,
B565,1,3,5,2_3-1_3_secondhalf,9,0.142,37637.935,32734,58142,
B564,1,3,5,2_3-1_3_secondhalf,9,0.353,37927.06,33615,43980,
B589,1,3,5,2_3-1_3_secondhalf,9,0.846,38699.771,32450,45356,
B584,1,3,5,2_3-1_3_secondhalf,9,0.184,39702.487,36239,48314,
B611,1,3,5,2_3-1_3_secondhalf,9,0.145,38601.128,34900,42198,
B366,1,3,5,2_3-1_3_secondhalf,9,0.18,39717.228,35709,50721,
B399,12,3,1,2_3-1_3_secondhalf,9,0.305,38247.457,34320,43767,
B901_cor,12,3,1,2_3-1_3_secondhalf,9,3.482,35620.917,30068,52214,
431alpha,12,3,1,2_3-1_3_secondhalf,9,2.033,37162.173,30953,50288,
B929,12,3,1,2_3-1_3_secondhalf,9,0.842,38494.917,34361,45849,
B311,12,3,1,2_3-1_3_secondhalf,9,0.963,36690.788,32731,49202,
B314,12,3,1,2_3-1_3_secondhalf,9,1.072,39276.021,27006,49797,
B896,12,3,1,2_3-1_3_secondhalf,9,0.814,38292.246,33627,49151,
B307,12,3,1,2_3-1_3_secondhalf,9,3.111,37813.081,32435,51945,
B873,12,3,1,2_3-1_3_secondhalf,9,1.831,37724.873,33069,48661,
B358,12,3,1,2_3-1_3_secondhalf,9,3.79,37307.478,30134,60376,
B600,12,3,1,2_3-1_3_secondhalf,9,0.285,39542.828,34296,54980,
B906_cor,12,3,1,2_3-1_3_secondhalf,9,1.582,37669.83,24567,51871,
B360,12,3,2,2_3-1_3_secondhalf,9,1.851,36075.861,31952,47369,
B364,12,3,2,2_3-1_3_secondhalf,9,1.481,35676.275,32079,50478,
B397,12,3,2,2_3-1_3_secondhalf,9,1.592,35481.596,31613,46802,
B574,12,3,2,2_3-1_3_secondhalf,9,1.339,35327.288,32140,48326,
B996,12,3,2,2_3-1_3_secondhalf,9,0.381,37924.79,32577,48333,
B575,12,3,2,2_3-1_3_secondhalf,9,2.988,35123.537,32585,55781,
B876,12,3,2,2_3-1_3_secondhalf,9,0.654,37455.63,33316,43636,
B872_cor,12,3,2,2_3-1_3_secondhalf,9,0.428,36823.103,32805,58916,
B605,12,3,2,2_3-1_3_secondhalf,9,1.008,37451.85,33440,47190,
B368,12,3,2,2_3-1_3_secondhalf,9,1.632,36232.879,30254,49102,
B892_cor,12,3,2,2_3-1_3_secondhalf,9,2.625,37589.595,32994,53482,
B952,12,3,2,2_3-1_3_secondhalf,9,2.42,35593.969,31741,49833,
B407,12,3,3,2_3-1_3_secondhalf,9,0.336,37638.917,33653,46167,
B956,12,3,3,2_3-1_3_secondhalf,9,3.077,36317.022,30733,51266,
B585,12,3,3,2_3-1_3_secondhalf,9,0.809,37151.041,33424,47331,
B579,12,3,3,2_3-1_3_secondhalf,9,1.111,36417.74,32326,48748,
B997,12,3,3,2_3-1_3_secondhalf,9,1.24,38700.03,30118,56612,
B960_cor,12,3,3,2_3-1_3_secondhalf,9,2.25,37308.478,30603,50395,
B887_cor,12,3,3,2_3-1_3_secondhalf,9,0.843,36526.385,32755,46566,
B315,12,3,3,2_3-1_3_secondhalf,9,0.671,38051.543,33469,44639,
B560,12,3,3,2_3-1_3_secondhalf,9,1.198,36281.981,32401,49235,
C059,12,3,3,2_3-1_3_secondhalf,9,3.337,37710.223,32757,48837,
B886,12,3,3,2_3-1_3_secondhalf,9,0.165,37571.441,33491,50222,
C291,12,3,3,2_3-1_3_secondhalf,9,2.37,37483.337,25605,51671,
C029_cor,12,3,4,2_3-1_3_secondhalf,9,0.266,37413.747,33093,43505,
B930,12,3,4,2_3-1_3_secondhalf,9,0.681,35879.337,33043,45274,
B356,12,3,4,2_3-1_3_secondhalf,9,0.973,37509.873,32275,45691,
XL280alpha,12,3,4,2_3-1_3_secondhalf,9,0.284,34453.612,7907,47782,cracked
B890_cor,12,3,4,2_3-1_3_secondhalf,9,0.61,37452.5,33392,45292,
B896_cor,12,3,4,2_3-1_3_secondhalf,9,1.567,37912.789,33134,54582,
B570,12,3,4,2_3-1_3_secondhalf,9,0.257,36961.096,33705,42060,
B874_cor,12,3,4,2_3-1_3_secondhalf,9,0.147,38659.247,32649,51652,contaminated
B382,12,3,4,2_3-1_3_secondhalf,9,0.631,38261.567,33967,46030,contaminated
C036,12,3,4,2_3-1_3_secondhalf,9,2.669,36509.541,30662,63649,
C031_cor,12,3,4,2_3-1_3_secondhalf,9,3.396,37108.532,30782,54652,
B317,12,3,4,2_3-1_3_secondhalf,9,3.849,36161.44,18925,50322,
XL280a,12,3,5,2_3-1_3_secondhalf,9,0.027,38074.844,33792,44184,
Kn99,12,3,5,2_3-1_3_secondhalf,9,1.626,35895.521,30890,47514,
B565,12,3,5,2_3-1_3_secondhalf,9,0.846,35635.025,32545,61089,
B564,12,3,5,2_3-1_3_secondhalf,9,2.315,38823.05,31826,60792,
B589,12,3,5,2_3-1_3_secondhalf,9,0.969,36714.349,32705,47568,
B584,12,3,5,2_3-1_3_secondhalf,9,3.1,35402.028,30451,56481,
B611,12,3,5,2_3-1_3_secondhalf,9,0.368,39025.568,33971,49331,
B366,12,3,5,2_3-1_3_secondhalf,9,2.1,38628.01,33781,59308,
C271,1,3,1,2_3-1_3_firsthalf,7,0.183,36066.506,31797,44642,
B599,1,3,1,2_3-1_3_firsthalf,7,0.498,36120.262,29805,42700,
B316,1,3,1,2_3-1_3_firsthalf,7,0.062,35483.257,32052,47206,
B573,1,3,1,2_3-1_3_firsthalf,7,0.646,36207.244,30152,50090,
C026_cor,1,3,1,2_3-1_3_firsthalf,7,0.164,36011.593,31089,48032,
B369,1,3,1,2_3-1_3_firsthalf,7,0.189,36025.144,31738,45551,
B591,1,3,1,2_3-1_3_firsthalf,7,0.603,37284.832,32474,42553,
B586,1,3,1,2_3-1_3_firsthalf,7,0.212,34989.443,31317,59102,
B926,1,3,1,2_3-1_3_firsthalf,7,0.892,36694.644,31297,48106,
B961_cor,1,3,1,2_3-1_3_firsthalf,7,0.489,36338.498,31240,50694,
B357,1,3,1,2_3-1_3_firsthalf,7,0.152,33718.879,30700,52149,
B587,1,3,1,2_3-1_3_firsthalf,7,0.631,36094.497,30093,44176,
B998,1,3,2,2_3-1_3_firsthalf,7,0.136,34843.916,30752,49621,
C033,1,3,2,2_3-1_3_firsthalf,7,0.218,35773.77,31902,52275,
B898_cor,1,3,2,2_3-1_3_firsthalf,7,0.164,34648.222,31880,45007,
B908_cor,1,3,2,2_3-1_3_firsthalf,7,0.216,36093.24,32932,49284,
B927,1,3,2,2_3-1_3_firsthalf,7,0.18,35284.497,30986,48338,
B387,1,3,2,2_3-1_3_firsthalf,7,0.426,37030.01,31363,43713,
B378,1,3,2,2_3-1_3_firsthalf,7,0.439,36562.507,31461,44426,
B869_cor,1,3,2,2_3-1_3_firsthalf,7,0.187,36419.764,32483,65070,
B374,1,3,2,2_3-1_3_firsthalf,7,0.672,36980.667,32025,41850,
B906,1,3,2,2_3-1_3_firsthalf,7,0.084,36468.614,31058,49781,
C242,1,3,2,2_3-1_3_firsthalf,7,0.351,37074.172,32026,41009,
B872,1,3,2,2_3-1_3_firsthalf,7,0.197,35736.431,31476,47676,contaminated
B908,1,3,3,2_3-1_3_firsthalf,7,0.489,36212.68,25656,44871,
B874,1,3,3,2_3-1_3_firsthalf,7,0.518,36501.875,30993,42197,
B379,1,3,3,2_3-1_3_firsthalf,7,0.232,35499.701,32111,52495,
B905,1,3,3,2_3-1_3_firsthalf,7,0.111,36624.875,31279,47532,
C272,1,3,3,2_3-1_3_firsthalf,7,0.181,35530.469,27706,47350,
B606,1,3,3,2_3-1_3_firsthalf,7,0.587,37220.74,30791,44175,
B886,1,3,3,2_3-1_3_firsthalf,7,0.128,35656.616,31794,48680,
B580,1,3,3,2_3-1_3_firsthalf,7,0.312,34614.315,31096,49061,
B873_cor,1,3,3,2_3-1_3_firsthalf,7,0.126,36556.599,30856,51204,
B383,1,3,3,2_3-1_3_firsthalf,7,0.479,35760.928,30785,49107,
B961,1,3,3,2_3-1_3_firsthalf,7,0.271,37684.254,32514,42422,
B313,1,3,3,2_3-1_3_firsthalf,7,0.422,37407.028,32002,44260,
B373,1,3,4,2_3-1_3_firsthalf,7,0.389,36985.929,31222,45994,
B396,1,3,4,2_3-1_3_firsthalf,7,0.211,36844.474,32358,41782,
B569,1,3,4,2_3-1_3_firsthalf,7,0.283,36938.268,31817,43471,
C001,1,3,4,2_3-1_3_firsthalf,7,0.098,35133.831,31797,44697,
B553,1,3,4,2_3-1_3_firsthalf,7,0.112,36525.749,31651,44942,
B960,1,3,4,2_3-1_3_firsthalf,7,0.294,36661.49,31699,46118,
B312,1,3,4,2_3-1_3_firsthalf,7,0.685,35928.787,30430,54298,
B598,1,3,4,2_3-1_3_firsthalf,7,0.662,35322.091,30115,42764,
B588,1,3,4,2_3-1_3_firsthalf,7,0.789,36371.572,30062,43405,
C290,1,3,4,2_3-1_3_firsthalf,7,0.219,35871.234,29750,43435,
431alpha,1,3,4,2_3-1_3_firsthalf,7,0.185,34184.377,31180,44409,
B886_cor,1,3,4,2_3-1_3_firsthalf,7,0.372,36835.583,31287,53059,
B887,1,3,5,2_3-1_3_firsthalf,7,0.22,36241.22,30995,49211,
B850,1,3,5,2_3-1_3_firsthalf,7,0.116,36511.606,32088,47934,
XL280a,1,3,5,2_3-1_3_firsthalf,7,0.211,36455.536,32885,41308,
B354,1,3,5,2_3-1_3_firsthalf,7,0.193,35299.737,32306,54494,
B621,1,3,5,2_3-1_3_firsthalf,7,0.227,36018.453,31602,44988,
B563,1,3,5,2_3-1_3_firsthalf,7,0.887,36564.43,30831,43288,
B310,1,3,5,2_3-1_3_firsthalf,7,0.2,35450.449,32263,56095,
C271,12,3,1,2_3-1_3_firsthalf,7,4.142,37960.873,32490,50067,
B599,12,3,1,2_3-1_3_firsthalf,7,3.574,36623.952,27998,46160,
B316,12,3,1,2_3-1_3_firsthalf,7,0.408,36719.96,32906,44081,
B573,12,3,1,2_3-1_3_firsthalf,7,2.915,37153.225,32444,61023,
C026_cor,12,3,1,2_3-1_3_firsthalf,7,0.935,35140.033,30298,50010,
B369,12,3,1,2_3-1_3_firsthalf,7,7.104,36139.7,22364,52622,
B591,12,3,1,2_3-1_3_firsthalf,7,1.354,37207.405,32347,49821,
B586,12,3,1,2_3-1_3_firsthalf,7,1.719,38193.691,32300,60591,
B926,12,3,1,2_3-1_3_firsthalf,7,1.87,38131.595,33280,47101,
B961_cor,12,3,1,2_3-1_3_firsthalf,7,1.633,37515.007,31947,51263,
B357,12,3,1,2_3-1_3_firsthalf,7,2.058,37346.045,31741,50843,
B587,12,3,1,2_3-1_3_firsthalf,7,2.1,38688.569,23947,47194,
B998,12,3,2,2_3-1_3_firsthalf,7,2.871,34655.118,30947,50299,
C033,12,3,2,2_3-1_3_firsthalf,7,4.242,35417.552,32102,49700,
B898_cor,12,3,2,2_3-1_3_firsthalf,7,2.871,34655.118,30947,50299,
B908_cor,12,3,2,2_3-1_3_firsthalf,7,8.537,35577.453,16775,59829,
B927,12,3,2,2_3-1_3_firsthalf,7,2.501,35808.292,31032,60716,contaminated
B387,12,3,2,2_3-1_3_firsthalf,7,2.478,36527.333,31379,47272,
B378,12,3,2,2_3-1_3_firsthalf,7,1.814,36726.532,32049,47678,contaminated
B869_cor,12,3,2,2_3-1_3_firsthalf,7,2.581,35406.74,31385,51289,contaminated
B374,12,3,2,2_3-1_3_firsthalf,7,0.915,39286.133,34474,47950,
B906,12,3,2,2_3-1_3_firsthalf,7,1.11,36238.636,31653,48016,
C242,12,3,2,2_3-1_3_firsthalf,7,1.233,37874.068,33499,44741,contaminated
B872,12,3,2,2_3-1_3_firsthalf,7,2.105,36708.189,27341,54803,
B908,12,3,3,2_3-1_3_firsthalf,7,0.281,35244.252,28222,57046,detached
B874,12,3,3,2_3-1_3_firsthalf,7,0.774,37623.684,31664,46864,
B379,12,3,3,2_3-1_3_firsthalf,7,1.361,36397.446,32681,48649,
B905,12,3,3,2_3-1_3_firsthalf,7,1.654,39749.498,17794,65535,detached
C272,12,3,3,2_3-1_3_firsthalf,7,2.044,35913.181,28566,50955,
B606,12,3,3,2_3-1_3_firsthalf,7,1.628,36834.391,31364,49506,contaminated
B886,12,3,3,2_3-1_3_firsthalf,7,2.415,35697.567,8664,52449,contaminated
B580,12,3,3,2_3-1_3_firsthalf,7,0.313,35036.426,32701,46639,
B873_cor,12,3,3,2_3-1_3_firsthalf,7,2.551,37158.533,21366,50882,
B383,12,3,3,2_3-1_3_firsthalf,7,1.012,35490.298,31701,51336,
B961,12,3,3,2_3-1_3_firsthalf,7,2.338,36200.926,30823,48163,
B313,12,3,3,2_3-1_3_firsthalf,7,2.442,36778.994,31531,48650,
B373,12,3,4,2_3-1_3_firsthalf,7,1.495,37461.04,33108,49564,
B396,12,3,4,2_3-1_3_firsthalf,7,3.981,36431.067,32084,49435,
B569,12,3,4,2_3-1_3_firsthalf,7,4.507,37143.449,28901,46457,
C001,12,3,4,2_3-1_3_firsthalf,7,2.031,36720.05,32490,48200,
B553,12,3,4,2_3-1_3_firsthalf,7,0.713,38380.505,33246,48278,
B960,12,3,4,2_3-1_3_firsthalf,7,2.186,36717.16,31709,47643,
B312,12,3,4,2_3-1_3_firsthalf,7,1.932,35516.643,31509,50125,
B598,12,3,4,2_3-1_3_firsthalf,7,0.847,36532.222,31789,46473,
B588,12,3,4,2_3-1_3_firsthalf,7,2.149,36864.978,22987,48139,
C290,12,3,4,2_3-1_3_firsthalf,7,1.661,35776.036,31461,48999,
431alpha,12,3,4,2_3-1_3_firsthalf,7,2.368,36411.107,30419,64746,
B886_cor,12,3,4,2_3-1_3_firsthalf,7,1.038,37059.081,31808,49816,contaminated
B887,12,3,5,2_3-1_3_firsthalf,7,3.042,36058.384,31116,52350,
B850,12,3,5,2_3-1_3_firsthalf,7,4.2,35941.179,30690,48602,
XL280a,12,3,5,2_3-1_3_firsthalf,7,0.652,36965.219,32521,47422,contaminated
B354,12,3,5,2_3-1_3_firsthalf,7,8.461,35935.746,23258,65521,
B621,12,3,5,2_3-1_3_firsthalf,7,1.926,35795.02,31573,46680,
B563,12,3,5,2_3-1_3_firsthalf,7,1.415,37754.443,33354,47264,
B310,12,3,5,2_3-1_3_firsthalf,7,8.486,35784.752,18166,59117,
