,GT,Halo,QTL5,Chromosome 5 QTL
PMY2556,1.0,21.40640880000001,0.0,Bt22
PMY2558,1.0,7.051598800000001,0.0,Bt22
PMY2559,1.0,4.3290236,1.0,Ftc555-1
PMY2560,1.0,3.8967664000000006,1.0,Ftc555-1
PMY2561,1.0,10.7644946,0.0,Bt22
PMY2563,1.0,25.7709162,0.0,Bt22
PMY2564,1.0,4.025798399999999,1.0,Ftc555-1
PMY2565,0.0,42.05475459999999,1.0,Ftc555-1
PMY2567,0.0,46.77087420000001,1.0,Ftc555-1
PMY2568,0.0,43.757977000000004,1.0,Ftc555-1
PMY2569,1.0,4.3612816,0.0,Bt22
PMY2570,0.0,49.241837,0.0,Bt22
PMY2572,0.0,52.738604200000005,0.0,Bt22
PMY2573,0.0,45.248296599999996,1.0,Ftc555-1
PMY2575,0.0,30.345100600000002,0.0,Bt22
PMY2576,1.0,3.4451544000000003,1.0,Ftc555-1
PMY2581,0.0,52.53537880000001,1.0,Ftc555-1
PMY2582,1.0,4.422571800000001,1.0,Ftc555-1
PMY2583,0.0,45.73539240000001,0.0,Bt22
PMY2584,0.0,50.548286000000004,1.0,Ftc555-1
PMY2590,1.0,4.2870882,1.0,Ftc555-1
PMY2591,0.0,9.0515948,0.0,Bt22
PMY2592,1.0,11.138687400000002,1.0,Ftc555-1
PMY2594,0.0,36.98057120000001,0.0,Bt22
PMY2599,1.0,12.5773942,0.0,Bt22
PMY2601,1.0,8.6677246,0.0,Bt22
PMY2603,1.0,7.707511466666669,1.0,Ftc555-1
PMY2605,0.0,41.46873426666667,0.0,Bt22
PMY2606,1.0,8.486004533333334,1.0,Ftc555-1
PMY2607,1.0,14.754809200000006,0.0,Bt22
PMY2608,0.0,35.4386388,1.0,Ftc555-1
PMY2609,1.0,5.402139733333333,0.0,Bt22
PMY2610,1.0,6.570954600000001,0.0,Bt22
PMY2611,0.0,18.161254,1.0,Ftc555-1
PMY2612,0.0,35.05584386666667,1.0,Ftc555-1
PMY2613,1.0,3.6709604000000002,1.0,Ftc555-1
PMY2614,0.0,38.120353866666655,0.0,Bt22
PMY2615,0.0,15.5193238,0.0,Bt22
PMY2616,1.0,26.12898000000001,0.0,Bt22
PMY2617,0.0,49.782696133333346,1.0,Ftc555-1
PMY2619,0.0,40.56335973333334,1.0,Ftc555-1
PMY2621,0.0,19.421466533333337,0.0,Bt22
PMY2622,0.0,36.0902504,1.0,Ftc555-1
PMY2623,0.0,17.240825733333327,0.0,Bt22
PMY2624,1.0,16.270935200000004,0.0,Bt22
PMY2626,1.0,0.6602137333333333,1.0,Ftc555-1
PMY2627,1.0,7.4386948,1.0,Ftc555-1
PMY2630,1.0,6.756975733333334,0.0,Bt22
PMY2631,1.0,3.3935416000000003,1.0,Ftc555-1
PMY2632,0.0,32.793482799999985,1.0,Ftc555-1
PMY2633,0.0,38.5096004,0.0,Bt22
PMY2634,1.0,22.62146013333334,0.0,Bt22
PMY2635,0.0,19.273079733333333,0.0,Bt22
PMY2636,0.0,35.5354128,0.0,Bt22
PMY2637,0.0,44.2063632,0.0,Bt22
PMY2638,0.0,36.66014173333333,1.0,Ftc555-1
PMY2639,0.0,45.84937066666667,1.0,Ftc555-1
PMY2640,0.0,39.885941733333325,1.0,Ftc555-1
PMY2642,1.0,24.006403600000002,0.0,Bt22
PMY2643,0.0,35.76121880000001,0.0,Bt22
PMY2644,1.0,9.116110800000003,0.0,Bt22
PMY2645,1.0,10.591376666666667,1.0,Ftc555-1
PMY2646,0.0,53.49021559999999,1.0,Ftc555-1
PMY2647,0.0,41.0450792,1.0,Ftc555-1
PMY2648,0.0,30.926819866666673,0.0,Bt22
PMY2649,0.0,30.820458072222223,0.0,Bt22
PMY2650,1.0,6.688158666666667,1.0,Ftc555-1
PMY2652,1.0,12.535458799999999,0.0,Bt22
PMY2653,1.0,14.415024933333333,0.0,Bt22
PMY2654,1.0,5.913966666666666,1.0,Ftc555-1
PMY2656,1.0,16.677386000000002,0.0,Bt22
PMY2657,0.0,39.82357626666667,0.0,Bt22
PMY2658,0.0,45.09883453333333,1.0,Ftc555-1
PMY2659,0.0,32.675203466666666,1.0,Ftc555-1
PMY2660,0.0,52.49881973333332,0.0,Bt22
PMY2661,1.0,12.322555999999999,0.0,Bt22
PMY2662,0.0,48.71818213333335,1.0,Ftc555-1
PMY2663,0.0,40.928950400000005,1.0,Ftc555-1
PMY2664,1.0,5.634397333333333,1.0,Ftc555-1
PMY2665,0.0,41.78916373333333,1.0,Ftc555-1
PMY2666,0.0,39.1483088,1.0,Ftc555-1
PMY2667,1.0,18.075232666666672,1.0,Ftc555-1
PMY2668,0.0,33.528965199999995,0.0,Bt22
PMY2669,0.0,34.27950133333333,0.0,Bt22
PMY2670,0.0,46.06872506666668,0.0,Bt22
PMY2671,0.0,43.81711666666668,0.0,Bt22
PMY2672,1.0,23.2644696,1.0,Ftc555-1
PMY2673,1.0,41.944002133333335,0.0,Bt22
PMY2675,0.0,44.2966856,0.0,Bt22
PMY2676,1.0,9.565572266666667,1.0,Ftc555-1
PMY2677,1.0,4.718270133333333,1.0,Ftc555-1
PMY2678,1.0,10.520409066666668,1.0,Ftc555-1
PMY2679,0.0,47.371948266666664,0.0,Bt22
PMY2680,0.0,31.625743199999995,0.0,Bt22
PMY2683,1.0,4.888162266666667,1.0,Ftc555-1
PMY2685,1.0,11.395676133333335,1.0,Ftc555-1
PMY2686,0.0,41.96980853333333,1.0,Ftc555-1
PMY2687,0.0,36.795625333333334,1.0,Ftc555-1
PMY2688,1.0,6.9161152,0.0,Bt22
PMY2689,1.0,20.04942226666667,0.0,Bt22
PMY2692,1.0,20.146196266666667,0.0,Bt22
PMY2693,1.0,7.511812933333332,1.0,Ftc555-1
PMY2694,0.0,49.0128052,0.0,Bt22
PMY2695,1.0,27.408547333333335,0.0,Bt22
PMY2696,1.0,12.494598666666667,0.0,Bt22
PMY2697,1.0,10.701053866666669,0.0,Bt22
PMY2699,0.0,38.273041733333336,0.0,Bt22
PMY2700,1.0,13.0902964,1.0,Ftc555-1
PMY2701,0.0,47.8128076,0.0,Bt22
PMY2702,0.0,43.80421346666668,1.0,Ftc555-1
PMY2703,1.0,45.255823466666655,0.0,Bt22
PMY2704,1.0,17.692437733333332,0.0,Bt22
PMY2706,0.0,30.81069106666667,0.0,Bt22
PMY2707,1.0,4.172034666666666,0.0,Bt22
PMY2709,0.0,34.68595213333333,0.0,Bt22
PMY2710,0.0,28.19564253333334,1.0,Ftc555-1
PMY2711,1.0,4.584937066666668,1.0,Ftc555-1
PMY2712,1.0,8.546219466666665,0.0,Bt22
PMY2713,1.0,4.0387016000000004,1.0,Ftc555-1
PMY2715,0.0,22.219310400000005,0.0,Bt22
PMY2716,0.0,28.978436666666674,1.0,Ftc555-1
PMY2717,0.0,16.13330106666667,0.0,Bt22
PMY2720,0.0,31.825742800000008,1.0,Ftc555-1
PMY2721,1.0,17.851577200000005,0.0,Bt22
PMY2723,0.0,38.51820253333333,0.0,Bt22
PMY2724,0.0,43.03432253333334,0.0,Bt22
PMY2725,1.0,8.120413866666668,1.0,Ftc555-1
PMY2726,1.0,13.74405853333333,1.0,Ftc555-1
PMY2727,1.0,10.475247866666669,1.0,Ftc555-1
PMY2728,0.0,31.15692693333333,0.0,Bt22
PMY2729,0.0,32.66014973333333,0.0,Bt22
PMY2730,0.0,37.99562293333334,0.0,Bt22
PMY2731,0.0,42.69453826666668,1.0,Ftc555-1
PMY2732,1.0,19.679530533333335,0.0,Bt22
PMY2733,1.0,4.770958200000002,0.0,Bt22
PMY2734,1.0,16.462332666666672,0.0,Bt22
PMY2736,0.0,47.1353896,0.0,Bt22
PMY2737,0.0,28.705318933333334,0.0,Bt22
PMY2738,0.0,25.232207600000002,0.0,Bt22
PMY2740,1.0,5.356978533333335,1.0,Ftc555-1
PMY2743,0.0,35.99992800000001,0.0,Bt22
PMY2744,1.0,21.292430533333334,0.0,Bt22
PMY2745,0.0,22.673072933333337,1.0,Ftc555-1
PMY2746,0.0,34.04294266666666,1.0,Ftc555-1
PMY2747,0.0,24.731133333333336,0.0,Bt22
PMY2748,1.0,7.0838568,1.0,Ftc555-1
PMY2749,0.0,16.901041466666666,1.0,Ftc555-1
PMY2750,1.0,10.832236400000003,1.0,Ftc555-1
PMY2751,1.0,14.101047066666666,0.0,Bt22
PMY2752,1.0,10.066646533333337,0.0,Bt22
PMY2753,0.0,34.53326426666666,1.0,Ftc555-1
PMY2754,0.0,19.21286480000001,0.0,Bt22
PMY2755,0.0,37.80207493333333,1.0,Ftc555-1
PMY2756,0.0,41.54400293333334,1.0,Ftc555-1
PMY2757,1.0,6.898910933333334,0.0,Bt22
PMY2758,1.0,18.236522666666666,0.0,Bt22
PMY2759,0.0,2.8903168000000004,0.0,Bt22
PMY2760,1.0,7.2838564,0.0,Bt22
PMY2761,0.0,27.866610933333337,0.0,Bt22
PMY2762,0.0,27.025752400000002,0.0,Bt22
PMY2764,0.0,35.3096068,0.0,Bt22
PMY2765,1.0,3.3032192000000005,1.0,Ftc555-1
PMY2766,1.0,15.698893333333332,0.0,Bt22
PMY2767,1.0,16.627923733333333,0.0,Bt22
PMY2768,1.0,2.3290276,1.0,Ftc555-1
PMY2769,0.0,39.810673066666666,0.0,Bt22
PMY2770,0.0,41.318196933333326,1.0,Ftc555-1
PMY2771,1.0,2.299995399999999,1.0,Ftc555-1
PMY2772,0.0,17.236524666666668,1.0,Ftc555-1
PMY2773,1.0,3.1247249333333333,1.0,Ftc555-1
PMY2774,0.0,19.346197866666667,1.0,Ftc555-1
PMY2775,1.0,4.462356666666667,1.0,Ftc555-1
PMY2776,1.0,8.369875733333332,1.0,Ftc555-1
PMY2777,0.0,43.2192684,1.0,Ftc555-1
PMY2778,1.0,4.3354752,1.0,Ftc555-1
PMY2779,0.0,23.15049133333334,0.0,Bt22
PMY2780,0.0,32.765525866666664,0.0,Bt22
PMY2781,1.0,4.3526794666666655,0.0,Bt22
PMY2782,0.0,26.79564533333334,1.0,Ftc555-1
PMY2783,0.0,40.606370399999996,0.0,Bt22
PMY2784,0.0,34.432189199999996,1.0,Ftc555-1
PMY2785,0.0,38.82572880000001,1.0,Ftc555-1
PMY2786,0.0,38.80637400000001,0.0,Bt22
PMY2787,0.0,25.935432000000002,1.0,Ftc555-1
PMY2788,1.0,2.963434933333333,1.0,Ftc555-1
PMY2789,1.0,12.591372666666672,0.0,Bt22
PMY2790,0.0,40.88809026666666,0.0,Bt22
PMY2791,1.0,8.995680933333334,0.0,Bt22
PMY2794,0.0,24.39134906666667,1.0,Ftc555-1
PMY2795,1.0,5.634397333333333,1.0,Ftc555-1
PMY2796,1.0,19.556950133333338,1.0,Ftc555-1
PMY2797,1.0,9.206433200000001,1.0,Ftc555-1
PMY2798,0.0,24.982745733333335,1.0,Ftc555-1
PMY2799,1.0,12.9870708,0.0,Bt22
PMY2800,1.0,6.870954,0.0,Bt22
PMY2801,1.0,8.670950399999999,0.0,Bt22
PMY2802,1.0,6.292460533333335,1.0,Ftc555-1
PMY2804,1.0,8.486004533333334,0.0,Bt22
PMY2805,1.0,3.7978418666666673,1.0,Ftc555-1
PMY2806,0.0,43.48163346666668,0.0,Bt22
PMY2807,0.0,24.67306893333333,0.0,Bt22
PMY2808,0.0,22.027912933333326,0.0,Bt22
PMY2809,0.0,41.735400399999996,0.0,Bt22
PMY2810,1.0,5.3290216,1.0,Ftc555-1
PMY2811,0.0,34.30315720000001,0.0,Bt22
PMY2812,1.0,3.2473053333333333,1.0,Ftc555-1
PMY2813,1.0,3.2344021333333335,0.0,Bt22
PMY2814,0.0,34.74401653333334,0.0,Bt22
PMY2815,1.0,6.038697600000001,0.0,Bt22
PMY2816,0.0,32.7838054,1.0,Ftc555-1
PMY2818,1.0,12.346211866666668,1.0,Ftc555-1
PMY2819,0.0,45.56550026666667,1.0,Ftc555-1
PMY2820,1.0,5.890310800000001,1.0,Ftc555-1
PMY2822,0.0,34.860145333333335,0.0,Bt22
PMY2825,1.0,10.860193333333337,0.0,Bt22
PMY2826,0.0,32.66230026666667,0.0,Bt22
PMY2827,1.0,5.804289466666665,0.0,Bt22
PMY2828,0.0,27.38274093333334,1.0,Ftc555-1
PMY2829,1.0,8.645143999999998,1.0,Ftc555-1
PMY2830,0.0,35.122510399999996,0.0,Bt22
PMY2831,1.0,11.7290088,1.0,Ftc555-1
PMY2832,1.0,20.830065866666665,1.0,Ftc555-1
PMY2833,1.0,5.150527333333335,1.0,Ftc555-1
PMY2834,0.0,23.344039333333335,0.0,Bt22
PMY2835,1.0,24.584897066666663,0.0,Bt22
PMY2836,1.0,3.738702200000001,1.0,Ftc555-1
PMY2838,1.0,9.974173600000002,1.0,Ftc555-1
PMY2839,1.0,4.249453866666666,0.0,Bt22
PMY2840,0.0,30.701013866666663,1.0,Ftc555-1
PMY2841,1.0,4.2903139999999995,0.0,Bt22
PMY2842,0.0,39.7160496,1.0,Ftc555-1
PMY2843,1.0,5.6537521333333345,0.0,Bt22
PMY2844,0.0,35.54831600000001,1.0,Ftc555-1
PMY2845,0.0,39.58486706666666,1.0,Ftc555-1
PMY2846,1.0,12.58492106666667,0.0,Bt22
PMY2847,0.0,36.64078693333334,0.0,Bt22
PMY2848,0.0,35.888100266666655,1.0,Ftc555-1
PMY2849,0.0,27.53112773333334,0.0,Bt22
PMY2850,1.0,7.630092266666665,1.0,Ftc555-1
PMY2851,1.0,4.931172933333334,1.0,Ftc555-1
PMY2852,0.0,41.1095952,1.0,Ftc555-1
PMY2853,0.0,40.2773388,0.0,Bt22
PMY2854,0.0,23.759092266666663,1.0,Ftc555-1
PMY2855,0.0,41.169810133333336,1.0,Ftc555-1
PMY2856,1.0,7.705360933333332,1.0,Ftc555-1
PMY2857,1.0,9.387077999999999,0.0,Bt22
PMY2858,0.0,25.567690799999998,0.0,Bt22
PMY2859,1.0,20.580604,0.0,Bt22
PMY2860,0.0,35.3289616,1.0,Ftc555-1
PMY2862,1.0,6.333320666666667,1.0,Ftc555-1
PMY2864,1.0,8.946218666666667,1.0,Ftc555-1
PMY2865,0.0,4.1354755999999995,1.0,Ftc555-1
PMY2866,0.0,41.03432653333334,1.0,Ftc555-1
PMY2867,0.0,24.423607066666662,1.0,Ftc555-1
PMY2868,1.0,31.3612276,1.0,Ftc555-1
PMY2869,0.0,3.419347999999999,0.0,Bt22
PMY2871,1.0,10.888150266666669,1.0,Ftc555-1
PMY2873,0.0,37.7483116,0.0,Bt22
PMY2874,1.0,4.978484666666668,1.0,Ftc555-1
PMY2875,0.0,22.744040533333337,0.0,Bt22
PMY2876,1.0,7.855898266666668,0.0,Bt22
PMY2877,0.0,31.08595933333333,1.0,Ftc555-1
PMY2878,0.0,31.344023333333325,0.0,Bt22
PMY2879,1.0,15.513947466666664,0.0,Bt22
PMY2880,1.0,7.294609066666666,0.0,Bt22
PMY2881,0.0,44.52464213333333,0.0,Bt22
PMY2882,1.0,14.1419072,0.0,Bt22
PMY2883,0.0,38.32035346666666,0.0,Bt22
PMY2884,0.0,38.09239693333334,1.0,Ftc555-1
PMY2885,1.0,5.763429333333333,1.0,Ftc555-1
PMY2886,0.0,28.81714666666667,1.0,Ftc555-1
PMY2887,1.0,4.937624533333334,1.0,Ftc555-1
PMY2888,1.0,16.161258,0.0,Bt22
PMY2889,1.0,5.5956877333333335,1.0,Ftc555-1
PMY2890,1.0,12.124706933333332,0.0,Bt22
PMY2891,0.0,29.509618399999994,1.0,Ftc555-1
PMY2892,0.0,32.79778386666666,0.0,Bt22
PMY2893,1.0,7.313963866666667,0.0,Bt22
PMY2894,1.0,9.430088666666666,1.0,Ftc555-1
PMY2895,1.0,19.322542000000006,0.0,Bt22
PMY2896,0.0,20.984904266666668,1.0,Ftc555-1
PMY2897,1.0,6.9806312,1.0,Ftc555-1
PMY2898,1.0,25.53758333333333,0.0,Bt22
PMY2899,0.0,30.410691866666678,0.0,Bt22
PMY2901,0.0,43.35905306666667,1.0,Ftc555-1
PMY2902,1.0,8.698907333333333,1.0,Ftc555-1
PMY2903,1.0,9.808582533333333,1.0,Ftc555-1
PMY2904,0.0,17.34405133333333,0.0,Bt22
PMY2905,1.0,7.554823600000001,0.0,Bt22
PMY2906,0.0,46.178402266666666,1.0,Ftc555-1
PMY2907,0.0,47.3934536,0.0,Bt22
PMY2908,0.0,40.548306000000004,1.0,Ftc555-1
PMY2910,1.0,18.582758533333337,0.0,Bt22
PMY2911,0.0,50.79774786666667,1.0,Ftc555-1
PMY2912,0.0,42.76550586666667,0.0,Bt22
PMY2913,0.0,48.4773224,1.0,Ftc555-1
PMY2914,0.0,35.02358586666667,0.0,Bt22
PMY2915,0.0,25.53758333333333,0.0,Bt22
PMY2916,0.0,21.88597773333333,0.0,Bt22
PMY2917,1.0,19.2451228,0.0,Bt22
PMY2918,0.0,25.290272,0.0,Bt22
PMY2919,0.0,41.17196066666666,1.0,Ftc555-1
PMY2920,0.0,32.02359186666666,1.0,Ftc555-1
PMY2921,1.0,20.60210933333334,0.0,Bt22
PMY2922,0.0,47.759044266666656,1.0,Ftc555-1
PMY2924,1.0,27.083816799999994,0.0,Bt22
PMY2925,1.0,8.105360133333335,1.0,Ftc555-1
PMY2926,0.0,35.8321864,0.0,Bt22
PMY2927,1.0,38.767664399999994,0.0,Bt22
PMY2928,1.0,21.842967066666667,0.0,Bt22
PMY2929,0.0,33.91176013333334,0.0,Bt22
PMY2930,1.0,6.225794,1.0,Ftc555-1
PMY2931,0.0,40.89024080000001,1.0,Ftc555-1
PMY2932,1.0,9.741916,1.0,Ftc555-1
PMY2933,0.0,51.4063488,1.0,Ftc555-1
PMY2934,0.0,25.18919693333334,1.0,Ftc555-1
PMY2935,0.0,49.72248120000001,1.0,Ftc555-1
PMY2936,0.0,34.46444720000001,0.0,Bt22
PMY2937,1.0,6.6602017333333325,1.0,Ftc555-1
PMY2938,1.0,10.337613733333333,1.0,Ftc555-1
PMY2939,1.0,5.939773066666666,1.0,Ftc555-1
PMY2940,1.0,44.64722253333333,0.0,Bt22
