Chrom,Chrlen,Cross,N,Seg
1,2291717,3,2.0,S11
1,2291717,3,3.0,S17
1,2291717,3,2.0,S18
1,2291717,3,2.0,S19
1,2291717,3,3.0,S2
1,2291717,3,2.0,S21
1,2291717,3,4.0,S22
1,2291717,3,3.0,S23
1,2291717,3,1.0,S24
1,2291717,3,1.0,S26
1,2291717,3,3.0,S27
1,2291717,3,0.0,S3
1,2291717,3,3.0,S30
1,2291717,3,1.0,S32
1,2291717,3,5.0,S33
1,2291717,3,3.0,S36
1,2291717,3,0.0,S37
1,2291717,3,3.0,S39
1,2291717,3,3.0,S44
1,2291717,3,5.0,S8
10,1073556,3,1.0,S11
10,1073556,3,2.0,S17
10,1073556,3,0.0,S18
10,1073556,3,1.0,S19
10,1073556,3,1.0,S2
10,1073556,3,2.0,S21
10,1073556,3,2.0,S22
10,1073556,3,1.0,S23
10,1073556,3,1.0,S24
10,1073556,3,1.0,S26
10,1073556,3,2.0,S27
10,1073556,3,2.0,S3
10,1073556,3,0.0,S30
10,1073556,3,3.0,S32
10,1073556,3,3.0,S33
10,1073556,3,1.0,S36
10,1073556,3,0.0,S37
10,1073556,3,1.0,S39
10,1073556,3,1.0,S44
10,1073556,3,1.0,S8
11,1561994,3,1.0,S11
11,1561994,3,2.0,S17
11,1561994,3,1.0,S18
11,1561994,3,4.0,S19
11,1561994,3,5.0,S2
11,1561994,3,3.0,S21
11,1561994,3,2.0,S22
11,1561994,3,2.0,S23
11,1561994,3,3.0,S24
11,1561994,3,1.0,S26
11,1561994,3,1.0,S27
11,1561994,3,2.0,S3
11,1561994,3,3.0,S30
11,1561994,3,1.0,S32
11,1561994,3,2.0,S33
11,1561994,3,3.0,S36
11,1561994,3,0.0,S37
11,1561994,3,2.0,S39
11,1561994,3,2.0,S44
11,1561994,3,2.0,S8
12,774481,3,0.0,S11
12,774481,3,1.0,S17
12,774481,3,2.0,S18
12,774481,3,1.0,S19
12,774481,3,0.0,S2
12,774481,3,1.0,S21
12,774481,3,1.0,S22
12,774481,3,1.0,S23
12,774481,3,2.0,S24
12,774481,3,3.0,S26
12,774481,3,0.0,S27
12,774481,3,0.0,S3
12,774481,3,2.0,S30
12,774481,3,0.0,S32
12,774481,3,2.0,S33
12,774481,3,0.0,S36
12,774481,3,1.0,S37
12,774481,3,0.0,S39
12,774481,3,2.0,S44
12,774481,3,2.0,S8
13,756939,3,1.0,S11
13,756939,3,1.0,S17
13,756939,3,0.0,S18
13,756939,3,2.0,S19
13,756939,3,0.0,S2
13,756939,3,0.0,S21
13,756939,3,0.0,S22
13,756939,3,0.0,S23
13,756939,3,3.0,S24
13,756939,3,2.0,S26
13,756939,3,1.0,S27
13,756939,3,1.0,S3
13,756939,3,0.0,S30
13,756939,3,1.0,S32
13,756939,3,1.0,S33
13,756939,3,1.0,S36
13,756939,3,0.0,S37
13,756939,3,0.0,S39
13,756939,3,0.0,S44
13,756939,3,1.0,S8
14,942867,3,2.0,S11
14,942867,3,0.0,S17
14,942867,3,1.0,S18
14,942867,3,3.0,S19
14,942867,3,3.0,S2
14,942867,3,0.0,S21
14,942867,3,2.0,S22
14,942867,3,0.0,S23
14,942867,3,2.0,S24
14,942867,3,1.0,S26
14,942867,3,0.0,S27
14,942867,3,1.0,S3
14,942867,3,1.0,S30
14,942867,3,2.0,S32
14,942867,3,0.0,S33
14,942867,3,2.0,S36
14,942867,3,0.0,S37
14,942867,3,2.0,S39
14,942867,3,1.0,S44
14,942867,3,1.0,S8
2,1618389,3,2.0,S11
2,1618389,3,3.0,S17
2,1618389,3,3.0,S18
2,1618389,3,3.0,S19
2,1618389,3,4.0,S2
2,1618389,3,1.0,S21
2,1618389,3,1.0,S22
2,1618389,3,3.0,S23
2,1618389,3,2.0,S24
2,1618389,3,2.0,S26
2,1618389,3,3.0,S27
2,1618389,3,2.0,S3
2,1618389,3,2.0,S30
2,1618389,3,3.0,S32
2,1618389,3,2.0,S33
2,1618389,3,3.0,S36
2,1618389,3,3.0,S37
2,1618389,3,3.0,S39
2,1618389,3,2.0,S44
2,1618389,3,1.0,S8
3,1575141,3,1.0,S11
3,1575141,3,3.0,S17
3,1575141,3,3.0,S18
3,1575141,3,2.0,S19
3,1575141,3,2.0,S2
3,1575141,3,0.0,S21
3,1575141,3,0.0,S22
3,1575141,3,3.0,S23
3,1575141,3,3.0,S24
3,1575141,3,2.0,S26
3,1575141,3,2.0,S27
3,1575141,3,2.0,S3
3,1575141,3,0.0,S30
3,1575141,3,3.0,S32
3,1575141,3,0.0,S33
3,1575141,3,1.0,S36
3,1575141,3,2.0,S37
3,1575141,3,2.0,S39
3,1575141,3,3.0,S44
3,1575141,3,3.0,S8
4,1084216,3,1.0,S11
4,1084216,3,2.0,S17
4,1084216,3,0.0,S18
4,1084216,3,1.0,S19
4,1084216,3,3.0,S2
4,1084216,3,0.0,S21
4,1084216,3,0.0,S22
4,1084216,3,2.0,S23
4,1084216,3,2.0,S24
4,1084216,3,5.0,S26
4,1084216,3,1.0,S27
4,1084216,3,2.0,S3
4,1084216,3,1.0,S30
4,1084216,3,1.0,S32
4,1084216,3,1.0,S33
4,1084216,3,1.0,S36
4,1084216,3,2.0,S37
4,1084216,3,0.0,S39
4,1084216,3,1.0,S44
4,1084216,3,1.0,S8
5,1821986,3,2.0,S11
5,1821986,3,2.0,S17
5,1821986,3,2.0,S18
5,1821986,3,2.0,S19
5,1821986,3,6.0,S2
5,1821986,3,0.0,S21
5,1821986,3,3.0,S22
5,1821986,3,1.0,S23
5,1821986,3,3.0,S24
5,1821986,3,4.0,S26
5,1821986,3,2.0,S27
5,1821986,3,0.0,S3
5,1821986,3,1.0,S30
5,1821986,3,2.0,S32
5,1821986,3,3.0,S33
5,1821986,3,2.0,S36
5,1821986,3,1.0,S37
5,1821986,3,3.0,S39
5,1821986,3,1.0,S44
5,1821986,3,4.0,S8
6,1422457,3,0.0,S11
6,1422457,3,2.0,S17
6,1422457,3,1.0,S18
6,1422457,3,4.0,S19
6,1422457,3,3.0,S2
6,1422457,3,2.0,S21
6,1422457,3,0.0,S22
6,1422457,3,1.0,S23
6,1422457,3,2.0,S24
6,1422457,3,2.0,S26
6,1422457,3,2.0,S27
6,1422457,3,3.0,S3
6,1422457,3,1.0,S30
6,1422457,3,1.0,S32
6,1422457,3,1.0,S33
6,1422457,3,1.0,S36
6,1422457,3,3.0,S37
6,1422457,3,1.0,S39
6,1422457,3,0.0,S44
6,1422457,3,4.0,S8
7,1413039,3,2.0,S11
7,1413039,3,2.0,S17
7,1413039,3,1.0,S18
7,1413039,3,2.0,S19
7,1413039,3,3.0,S2
7,1413039,3,1.0,S21
7,1413039,3,0.0,S22
7,1413039,3,1.0,S23
7,1413039,3,2.0,S24
7,1413039,3,0.0,S26
7,1413039,3,2.0,S27
7,1413039,3,3.0,S3
7,1413039,3,2.0,S30
7,1413039,3,1.0,S32
7,1413039,3,2.0,S33
7,1413039,3,1.0,S36
7,1413039,3,0.0,S37
7,1413039,3,1.0,S39
7,1413039,3,2.0,S44
7,1413039,3,2.0,S8
8,1406105,3,1.0,S11
8,1406105,3,3.0,S17
8,1406105,3,2.0,S18
8,1406105,3,1.0,S19
8,1406105,3,1.0,S2
8,1406105,3,1.0,S21
8,1406105,3,2.0,S22
8,1406105,3,2.0,S23
8,1406105,3,2.0,S24
8,1406105,3,3.0,S26
8,1406105,3,1.0,S27
8,1406105,3,3.0,S3
8,1406105,3,1.0,S30
8,1406105,3,2.0,S32
8,1406105,3,3.0,S33
8,1406105,3,1.0,S36
8,1406105,3,3.0,S37
8,1406105,3,1.0,S39
8,1406105,3,1.0,S44
8,1406105,3,3.0,S8
9,1185819,3,1.0,S11
9,1185819,3,1.0,S17
9,1185819,3,2.0,S18
9,1185819,3,1.0,S19
9,1185819,3,2.0,S2
9,1185819,3,0.0,S21
9,1185819,3,3.0,S22
9,1185819,3,1.0,S23
9,1185819,3,2.0,S24
9,1185819,3,2.0,S26
9,1185819,3,3.0,S27
9,1185819,3,2.0,S3
9,1185819,3,1.0,S30
9,1185819,3,2.0,S32
9,1185819,3,0.0,S33
9,1185819,3,3.0,S36
9,1185819,3,0.0,S37
9,1185819,3,1.0,S39
9,1185819,3,2.0,S44
9,1185819,3,2.0,S8
1,2300525,1,1.0,SS-B307
1,2300525,1,2.0,SS-B308
1,2300525,1,1.0,SS-B310
1,2300525,1,3.0,SS-B311
1,2300525,1,4.0,SS-B312
1,2300525,1,3.0,SS-B313
1,2300525,1,4.0,SS-B314
1,2300525,1,5.0,SS-B315
1,2300525,1,3.0,SS-B316
1,2300525,1,3.0,SS-B317
1,2300525,1,4.0,SS-B350
1,2300525,1,5.0,SS-B354
1,2300525,1,5.0,SS-B356
1,2300525,1,3.0,SS-B357
1,2300525,1,1.0,SS-B358
1,2300525,1,5.0,SS-B360
1,2300525,1,2.0,SS-B364
1,2300525,1,3.0,SS-B366
1,2300525,1,4.0,SS-B368
1,2300525,1,5.0,SS-B369
1,2300525,1,4.0,SS-B373
1,2300525,1,2.0,SS-B374
1,2300525,1,0.0,SS-B378
1,2300525,1,3.0,SS-B379
1,2300525,1,4.0,SS-B382
1,2300525,1,3.0,SS-B383
1,2300525,1,4.0,SS-B387
1,2300525,1,5.0,SS-B396
1,2300525,1,3.0,SS-B397
1,2300525,1,3.0,SS-B399
1,2300525,1,5.0,SS-B407
1,2300525,1,3.0,SS-B553
1,2300525,1,3.0,SS-B563
1,2300525,1,5.0,SS-B564
1,2300525,1,6.0,SS-B565
1,2300525,1,3.0,SS-B569
1,2300525,1,4.0,SS-B570
1,2300525,1,5.0,SS-B574
1,2300525,1,3.0,SS-B575
1,2300525,1,4.0,SS-B579
1,2300525,1,2.0,SS-B580
1,2300525,1,1.0,SS-B584
1,2300525,1,4.0,SS-B585
1,2300525,1,5.0,SS-B586
1,2300525,1,8.0,SS-B587
1,2300525,1,2.0,SS-B588
1,2300525,1,3.0,SS-B589
1,2300525,1,4.0,SS-B591
1,2300525,1,3.0,SS-B598
1,2300525,1,2.0,SS-B599
1,2300525,1,4.0,SS-B600
1,2300525,1,3.0,SS-B605
1,2300525,1,3.0,SS-B606
1,2300525,1,4.0,SS-B611
1,2300525,1,5.0,SS-B621
1,2300525,2,4.0,SS-B869
1,2300525,2,3.0,SS-B872
1,2300525,2,5.0,SS-B873
1,2300525,2,4.0,SS-B874
1,2300525,2,6.0,SS-B876
1,2300525,2,6.0,SS-B880
1,2300525,2,2.0,SS-B886
1,2300525,2,9.0,SS-B887
1,2300525,2,5.0,SS-B890
1,2300525,2,4.0,SS-B892
1,2300525,2,5.0,SS-B896
1,2300525,2,5.0,SS-B898
1,2300525,2,5.0,SS-B901
1,2300525,2,6.0,SS-B905
1,2300525,2,6.0,SS-B906
1,2300525,2,6.0,SS-B908
1,2300525,2,5.0,SS-B926
1,2300525,2,3.0,SS-B927
1,2300525,2,2.0,SS-B929
1,2300525,2,6.0,SS-B930
1,2300525,2,5.0,SS-B952
1,2300525,2,5.0,SS-B956
1,2300525,2,7.0,SS-B960
1,2300525,2,5.0,SS-B961
1,2300525,2,1.0,SS-B996
1,2300525,2,4.0,SS-B997
1,2300525,2,3.0,SS-B998
1,2300525,2,2.0,SS-C001
1,2300525,2,7.0,SS-C026
1,2300525,2,2.0,SS-C029
1,2300525,2,3.0,SS-C031
1,2300525,2,5.0,SS-C033
1,2300525,2,7.0,SS-C036
1,2300525,2,6.0,SS-C039
1,2300525,2,4.0,SS-C242
1,2300525,2,1.0,SS-C271
1,2300525,2,2.0,SS-C272
1,2300525,2,6.0,SS-C290
1,2300525,2,5.0,SS-C291
2,1632286,1,1.0,SS-B307
2,1632286,1,3.0,SS-B308
2,1632286,1,5.0,SS-B310
2,1632286,1,4.0,SS-B311
2,1632286,1,6.0,SS-B312
2,1632286,1,4.0,SS-B313
2,1632286,1,1.0,SS-B314
2,1632286,1,1.0,SS-B315
2,1632286,1,2.0,SS-B316
2,1632286,1,6.0,SS-B317
2,1632286,1,6.0,SS-B350
2,1632286,1,2.0,SS-B354
2,1632286,1,4.0,SS-B356
2,1632286,1,3.0,SS-B357
2,1632286,1,2.0,SS-B358
2,1632286,1,1.0,SS-B360
2,1632286,1,3.0,SS-B364
2,1632286,1,3.0,SS-B366
2,1632286,1,2.0,SS-B368
2,1632286,1,4.0,SS-B369
2,1632286,1,2.0,SS-B373
2,1632286,1,3.0,SS-B374
2,1632286,1,3.0,SS-B378
2,1632286,1,4.0,SS-B379
2,1632286,1,2.0,SS-B382
2,1632286,1,4.0,SS-B383
2,1632286,1,1.0,SS-B387
2,1632286,1,0.0,SS-B396
2,1632286,1,4.0,SS-B397
2,1632286,1,2.0,SS-B399
2,1632286,1,3.0,SS-B407
2,1632286,1,2.0,SS-B553
2,1632286,1,1.0,SS-B563
2,1632286,1,2.0,SS-B564
2,1632286,1,3.0,SS-B565
2,1632286,1,3.0,SS-B569
2,1632286,1,1.0,SS-B570
2,1632286,1,3.0,SS-B574
2,1632286,1,1.0,SS-B575
2,1632286,1,2.0,SS-B579
2,1632286,1,2.0,SS-B580
2,1632286,1,3.0,SS-B584
2,1632286,1,3.0,SS-B585
2,1632286,1,3.0,SS-B586
2,1632286,1,3.0,SS-B587
2,1632286,1,1.0,SS-B588
2,1632286,1,2.0,SS-B589
2,1632286,1,3.0,SS-B591
2,1632286,1,3.0,SS-B598
2,1632286,1,4.0,SS-B599
2,1632286,1,3.0,SS-B600
2,1632286,1,4.0,SS-B605
2,1632286,1,2.0,SS-B606
2,1632286,1,2.0,SS-B611
2,1632286,1,2.0,SS-B621
2,1632286,2,2.0,SS-B869
2,1632286,2,0.0,SS-B872
2,1632286,2,2.0,SS-B873
2,1632286,2,2.0,SS-B874
2,1632286,2,2.0,SS-B876
2,1632286,2,6.0,SS-B880
2,1632286,2,4.0,SS-B886
2,1632286,2,6.0,SS-B887
2,1632286,2,6.0,SS-B890
2,1632286,2,7.0,SS-B892
2,1632286,2,2.0,SS-B896
2,1632286,2,5.0,SS-B898
2,1632286,2,5.0,SS-B901
2,1632286,2,4.0,SS-B905
2,1632286,2,7.0,SS-B906
2,1632286,2,3.0,SS-B908
2,1632286,2,6.0,SS-B926
2,1632286,2,2.0,SS-B927
2,1632286,2,4.0,SS-B929
2,1632286,2,6.0,SS-B930
2,1632286,2,5.0,SS-B952
2,1632286,2,6.0,SS-B956
2,1632286,2,5.0,SS-B960
2,1632286,2,2.0,SS-B961
2,1632286,2,2.0,SS-B996
2,1632286,2,3.0,SS-B997
2,1632286,2,2.0,SS-B998
2,1632286,2,2.0,SS-C001
2,1632286,2,3.0,SS-C026
2,1632286,2,2.0,SS-C029
2,1632286,2,0.0,SS-C031
2,1632286,2,5.0,SS-C033
2,1632286,2,6.0,SS-C036
2,1632286,2,5.0,SS-C039
2,1632286,2,3.0,SS-C242
2,1632286,2,6.0,SS-C271
2,1632286,2,6.0,SS-C272
2,1632286,2,4.0,SS-C290
2,1632286,2,4.0,SS-C291
3,2105722,1,2.0,SS-B307
3,2105722,1,0.0,SS-B308
3,2105722,1,6.0,SS-B310
3,2105722,1,2.0,SS-B311
3,2105722,1,3.0,SS-B312
3,2105722,1,4.0,SS-B313
3,2105722,1,4.0,SS-B314
3,2105722,1,4.0,SS-B315
3,2105722,1,4.0,SS-B316
3,2105722,1,4.0,SS-B317
3,2105722,1,5.0,SS-B350
3,2105722,1,3.0,SS-B354
3,2105722,1,4.0,SS-B356
3,2105722,1,3.0,SS-B357
3,2105722,1,0.0,SS-B358
3,2105722,1,3.0,SS-B360
3,2105722,1,2.0,SS-B364
3,2105722,1,3.0,SS-B366
3,2105722,1,4.0,SS-B368
3,2105722,1,2.0,SS-B369
3,2105722,1,0.0,SS-B373
3,2105722,1,3.0,SS-B374
3,2105722,1,3.0,SS-B378
3,2105722,1,0.0,SS-B379
3,2105722,1,2.0,SS-B382
3,2105722,1,3.0,SS-B383
3,2105722,1,2.0,SS-B387
3,2105722,1,4.0,SS-B396
3,2105722,1,5.0,SS-B397
3,2105722,1,0.0,SS-B399
3,2105722,1,3.0,SS-B407
3,2105722,1,6.0,SS-B553
3,2105722,1,2.0,SS-B563
3,2105722,1,5.0,SS-B564
3,2105722,1,4.0,SS-B565
3,2105722,1,4.0,SS-B569
3,2105722,1,4.0,SS-B570
3,2105722,1,3.0,SS-B574
3,2105722,1,3.0,SS-B575
3,2105722,1,0.0,SS-B579
3,2105722,1,4.0,SS-B580
3,2105722,1,2.0,SS-B584
3,2105722,1,3.0,SS-B585
3,2105722,1,3.0,SS-B586
3,2105722,1,5.0,SS-B587
3,2105722,1,5.0,SS-B588
3,2105722,1,3.0,SS-B589
3,2105722,1,4.0,SS-B591
3,2105722,1,5.0,SS-B598
3,2105722,1,2.0,SS-B599
3,2105722,1,2.0,SS-B600
3,2105722,1,5.0,SS-B605
3,2105722,1,4.0,SS-B606
3,2105722,1,4.0,SS-B611
3,2105722,1,0.0,SS-B621
3,2105722,2,2.0,SS-B869
3,2105722,2,4.0,SS-B872
3,2105722,2,0.0,SS-B873
3,2105722,2,4.0,SS-B874
3,2105722,2,6.0,SS-B876
3,2105722,2,3.0,SS-B880
3,2105722,2,9.0,SS-B886
3,2105722,2,5.0,SS-B887
3,2105722,2,9.0,SS-B890
3,2105722,2,7.0,SS-B892
3,2105722,2,4.0,SS-B896
3,2105722,2,6.0,SS-B898
3,2105722,2,3.0,SS-B901
3,2105722,2,5.0,SS-B905
3,2105722,2,4.0,SS-B906
3,2105722,2,6.0,SS-B908
3,2105722,2,4.0,SS-B926
3,2105722,2,5.0,SS-B927
3,2105722,2,4.0,SS-B929
3,2105722,2,5.0,SS-B930
3,2105722,2,2.0,SS-B952
3,2105722,2,5.0,SS-B956
3,2105722,2,4.0,SS-B960
3,2105722,2,5.0,SS-B961
3,2105722,2,2.0,SS-B996
3,2105722,2,0.0,SS-B997
3,2105722,2,2.0,SS-B998
3,2105722,2,5.0,SS-C001
3,2105722,2,3.0,SS-C026
3,2105722,2,2.0,SS-C029
3,2105722,2,2.0,SS-C031
3,2105722,2,5.0,SS-C033
3,2105722,2,4.0,SS-C036
3,2105722,2,4.0,SS-C039
3,2105722,2,5.0,SS-C242
3,2105722,2,2.0,SS-C271
3,2105722,2,7.0,SS-C272
3,2105722,2,4.0,SS-C290
3,2105722,2,3.0,SS-C291
4,1783051,1,1.0,SS-B307
4,1783051,1,3.0,SS-B308
4,1783051,1,1.0,SS-B310
4,1783051,1,2.0,SS-B311
4,1783051,1,5.0,SS-B312
4,1783051,1,3.0,SS-B313
4,1783051,1,5.0,SS-B314
4,1783051,1,2.0,SS-B315
4,1783051,1,3.0,SS-B316
4,1783051,1,6.0,SS-B317
4,1783051,1,3.0,SS-B350
4,1783051,1,1.0,SS-B354
4,1783051,1,2.0,SS-B356
4,1783051,1,2.0,SS-B357
4,1783051,1,2.0,SS-B358
4,1783051,1,2.0,SS-B360
4,1783051,1,2.0,SS-B364
4,1783051,1,4.0,SS-B366
4,1783051,1,2.0,SS-B368
4,1783051,1,2.0,SS-B369
4,1783051,1,1.0,SS-B373
4,1783051,1,3.0,SS-B374
4,1783051,1,1.0,SS-B378
4,1783051,1,1.0,SS-B379
4,1783051,1,4.0,SS-B382
4,1783051,1,3.0,SS-B383
4,1783051,1,2.0,SS-B387
4,1783051,1,1.0,SS-B396
4,1783051,1,4.0,SS-B397
4,1783051,1,4.0,SS-B399
4,1783051,1,2.0,SS-B407
4,1783051,1,3.0,SS-B553
4,1783051,1,0.0,SS-B563
4,1783051,1,4.0,SS-B564
4,1783051,1,2.0,SS-B565
4,1783051,1,2.0,SS-B569
4,1783051,1,4.0,SS-B570
4,1783051,1,1.0,SS-B574
4,1783051,1,3.0,SS-B575
4,1783051,1,3.0,SS-B579
4,1783051,1,4.0,SS-B580
4,1783051,1,3.0,SS-B584
4,1783051,1,2.0,SS-B585
4,1783051,1,3.0,SS-B586
4,1783051,1,2.0,SS-B587
4,1783051,1,1.0,SS-B588
4,1783051,1,1.0,SS-B589
4,1783051,1,3.0,SS-B591
4,1783051,1,3.0,SS-B598
4,1783051,1,4.0,SS-B599
4,1783051,1,2.0,SS-B600
4,1783051,1,3.0,SS-B605
4,1783051,1,3.0,SS-B606
4,1783051,1,2.0,SS-B611
4,1783051,1,4.0,SS-B621
4,1783051,2,3.0,SS-B869
4,1783051,2,0.0,SS-B872
4,1783051,2,4.0,SS-B873
4,1783051,2,1.0,SS-B874
4,1783051,2,4.0,SS-B876
4,1783051,2,5.0,SS-B880
4,1783051,2,6.0,SS-B886
4,1783051,2,3.0,SS-B887
4,1783051,2,1.0,SS-B890
4,1783051,2,1.0,SS-B892
4,1783051,2,2.0,SS-B896
4,1783051,2,4.0,SS-B898
4,1783051,2,3.0,SS-B901
4,1783051,2,4.0,SS-B905
4,1783051,2,4.0,SS-B906
4,1783051,2,4.0,SS-B908
4,1783051,2,4.0,SS-B926
4,1783051,2,3.0,SS-B927
4,1783051,2,2.0,SS-B929
4,1783051,2,3.0,SS-B930
4,1783051,2,3.0,SS-B952
4,1783051,2,5.0,SS-B956
4,1783051,2,4.0,SS-B960
4,1783051,2,5.0,SS-B961
4,1783051,2,5.0,SS-B996
4,1783051,2,6.0,SS-B997
4,1783051,2,3.0,SS-B998
4,1783051,2,3.0,SS-C001
4,1783051,2,5.0,SS-C026
4,1783051,2,4.0,SS-C029
4,1783051,2,3.0,SS-C031
4,1783051,2,6.0,SS-C033
4,1783051,2,7.0,SS-C036
4,1783051,2,3.0,SS-C039
4,1783051,2,6.0,SS-C242
4,1783051,2,8.0,SS-C271
4,1783051,2,5.0,SS-C272
4,1783051,2,4.0,SS-C290
4,1783051,2,5.0,SS-C291
5,1507536,1,4.0,SS-B307
5,1507536,1,2.0,SS-B308
5,1507536,1,2.0,SS-B310
5,1507536,1,3.0,SS-B311
5,1507536,1,3.0,SS-B312
5,1507536,1,1.0,SS-B313
5,1507536,1,2.0,SS-B314
5,1507536,1,2.0,SS-B315
5,1507536,1,1.0,SS-B316
5,1507536,1,2.0,SS-B317
5,1507536,1,3.0,SS-B350
5,1507536,1,3.0,SS-B354
5,1507536,1,2.0,SS-B356
5,1507536,1,2.0,SS-B357
5,1507536,1,3.0,SS-B358
5,1507536,1,0.0,SS-B360
5,1507536,1,2.0,SS-B364
5,1507536,1,3.0,SS-B366
5,1507536,1,2.0,SS-B368
5,1507536,1,1.0,SS-B369
5,1507536,1,4.0,SS-B373
5,1507536,1,3.0,SS-B374
5,1507536,1,1.0,SS-B378
5,1507536,1,2.0,SS-B379
5,1507536,1,2.0,SS-B382
5,1507536,1,1.0,SS-B383
5,1507536,1,3.0,SS-B387
5,1507536,1,3.0,SS-B396
5,1507536,1,3.0,SS-B397
5,1507536,1,3.0,SS-B399
5,1507536,1,1.0,SS-B407
5,1507536,1,2.0,SS-B553
5,1507536,1,1.0,SS-B563
5,1507536,1,1.0,SS-B564
5,1507536,1,1.0,SS-B565
5,1507536,1,2.0,SS-B569
5,1507536,1,3.0,SS-B570
5,1507536,1,2.0,SS-B574
5,1507536,1,2.0,SS-B575
5,1507536,1,3.0,SS-B579
5,1507536,1,3.0,SS-B580
5,1507536,1,2.0,SS-B584
5,1507536,1,2.0,SS-B585
5,1507536,1,1.0,SS-B586
5,1507536,1,3.0,SS-B587
5,1507536,1,3.0,SS-B588
5,1507536,1,1.0,SS-B589
5,1507536,1,1.0,SS-B591
5,1507536,1,2.0,SS-B598
5,1507536,1,1.0,SS-B599
5,1507536,1,3.0,SS-B600
5,1507536,1,3.0,SS-B605
5,1507536,1,1.0,SS-B606
5,1507536,1,3.0,SS-B611
5,1507536,1,2.0,SS-B621
5,1507536,2,2.0,SS-B869
5,1507536,2,2.0,SS-B872
5,1507536,2,2.0,SS-B873
5,1507536,2,2.0,SS-B874
5,1507536,2,4.0,SS-B876
5,1507536,2,5.0,SS-B880
5,1507536,2,3.0,SS-B886
5,1507536,2,3.0,SS-B887
5,1507536,2,2.0,SS-B890
5,1507536,2,5.0,SS-B892
5,1507536,2,2.0,SS-B896
5,1507536,2,3.0,SS-B898
5,1507536,2,7.0,SS-B901
5,1507536,2,3.0,SS-B905
5,1507536,2,3.0,SS-B906
5,1507536,2,4.0,SS-B908
5,1507536,2,3.0,SS-B926
5,1507536,2,6.0,SS-B927
5,1507536,2,4.0,SS-B929
5,1507536,2,3.0,SS-B930
5,1507536,2,6.0,SS-B952
5,1507536,2,4.0,SS-B956
5,1507536,2,4.0,SS-B960
5,1507536,2,4.0,SS-B961
5,1507536,2,4.0,SS-B996
5,1507536,2,2.0,SS-B997
5,1507536,2,6.0,SS-B998
5,1507536,2,3.0,SS-C001
5,1507536,2,5.0,SS-C026
5,1507536,2,4.0,SS-C029
5,1507536,2,4.0,SS-C031
5,1507536,2,5.0,SS-C033
5,1507536,2,5.0,SS-C036
5,1507536,2,4.0,SS-C039
5,1507536,2,3.0,SS-C242
5,1507536,2,2.0,SS-C271
5,1507536,2,1.0,SS-C272
5,1507536,2,3.0,SS-C290
5,1507536,2,3.0,SS-C291
6,1438940,1,2.0,SS-B307
6,1438940,1,3.0,SS-B308
6,1438940,1,1.0,SS-B310
6,1438940,1,1.0,SS-B311
6,1438940,1,2.0,SS-B312
6,1438940,1,3.0,SS-B313
6,1438940,1,2.0,SS-B314
6,1438940,1,2.0,SS-B315
6,1438940,1,3.0,SS-B316
6,1438940,1,5.0,SS-B317
6,1438940,1,0.0,SS-B350
6,1438940,1,0.0,SS-B354
6,1438940,1,4.0,SS-B356
6,1438940,1,1.0,SS-B357
6,1438940,1,1.0,SS-B358
6,1438940,1,3.0,SS-B360
6,1438940,1,3.0,SS-B364
6,1438940,1,2.0,SS-B366
6,1438940,1,2.0,SS-B368
6,1438940,1,2.0,SS-B369
6,1438940,1,2.0,SS-B373
6,1438940,1,1.0,SS-B374
6,1438940,1,3.0,SS-B378
6,1438940,1,1.0,SS-B379
6,1438940,1,3.0,SS-B382
6,1438940,1,1.0,SS-B383
6,1438940,1,2.0,SS-B387
6,1438940,1,1.0,SS-B396
6,1438940,1,5.0,SS-B397
6,1438940,1,5.0,SS-B399
6,1438940,1,2.0,SS-B407
6,1438940,1,5.0,SS-B553
6,1438940,1,2.0,SS-B563
6,1438940,1,3.0,SS-B564
6,1438940,1,1.0,SS-B565
6,1438940,1,2.0,SS-B569
6,1438940,1,0.0,SS-B570
6,1438940,1,3.0,SS-B574
6,1438940,1,2.0,SS-B575
6,1438940,1,3.0,SS-B579
6,1438940,1,2.0,SS-B580
6,1438940,1,3.0,SS-B584
6,1438940,1,3.0,SS-B585
6,1438940,1,1.0,SS-B586
6,1438940,1,4.0,SS-B587
6,1438940,1,1.0,SS-B588
6,1438940,1,4.0,SS-B589
6,1438940,1,2.0,SS-B591
6,1438940,1,3.0,SS-B598
6,1438940,1,0.0,SS-B599
6,1438940,1,3.0,SS-B600
6,1438940,1,1.0,SS-B605
6,1438940,1,1.0,SS-B606
6,1438940,1,2.0,SS-B611
6,1438940,1,1.0,SS-B621
6,1438940,2,1.0,SS-B869
6,1438940,2,0.0,SS-B872
6,1438940,2,1.0,SS-B873
6,1438940,2,0.0,SS-B874
6,1438940,2,4.0,SS-B876
6,1438940,2,3.0,SS-B880
6,1438940,2,4.0,SS-B886
6,1438940,2,2.0,SS-B887
6,1438940,2,3.0,SS-B890
6,1438940,2,3.0,SS-B892
6,1438940,2,5.0,SS-B896
6,1438940,2,1.0,SS-B898
6,1438940,2,2.0,SS-B901
6,1438940,2,4.0,SS-B905
6,1438940,2,4.0,SS-B906
6,1438940,2,2.0,SS-B908
6,1438940,2,4.0,SS-B926
6,1438940,2,1.0,SS-B927
6,1438940,2,1.0,SS-B929
6,1438940,2,2.0,SS-B930
6,1438940,2,1.0,SS-B952
6,1438940,2,2.0,SS-B956
6,1438940,2,1.0,SS-B960
6,1438940,2,3.0,SS-B961
6,1438940,2,4.0,SS-B996
6,1438940,2,3.0,SS-B997
6,1438940,2,1.0,SS-B998
6,1438940,2,1.0,SS-C001
6,1438940,2,4.0,SS-C026
6,1438940,2,1.0,SS-C029
6,1438940,2,0.0,SS-C031
6,1438940,2,1.0,SS-C033
6,1438940,2,3.0,SS-C036
6,1438940,2,6.0,SS-C039
6,1438940,2,2.0,SS-C242
6,1438940,2,4.0,SS-C271
6,1438940,2,2.0,SS-C272
6,1438940,2,7.0,SS-C290
6,1438940,2,4.0,SS-C291
7,1347778,1,1.0,SS-B307
7,1347778,1,0.0,SS-B308
7,1347778,1,1.0,SS-B310
7,1347778,1,2.0,SS-B311
7,1347778,1,3.0,SS-B312
7,1347778,1,2.0,SS-B313
7,1347778,1,0.0,SS-B314
7,1347778,1,3.0,SS-B315
7,1347778,1,1.0,SS-B316
7,1347778,1,3.0,SS-B317
7,1347778,1,4.0,SS-B350
7,1347778,1,1.0,SS-B354
7,1347778,1,1.0,SS-B356
7,1347778,1,1.0,SS-B357
7,1347778,1,2.0,SS-B358
7,1347778,1,3.0,SS-B360
7,1347778,1,2.0,SS-B364
7,1347778,1,4.0,SS-B366
7,1347778,1,0.0,SS-B368
7,1347778,1,3.0,SS-B369
7,1347778,1,2.0,SS-B373
7,1347778,1,1.0,SS-B374
7,1347778,1,3.0,SS-B378
7,1347778,1,2.0,SS-B379
7,1347778,1,2.0,SS-B382
7,1347778,1,4.0,SS-B383
7,1347778,1,2.0,SS-B387
7,1347778,1,1.0,SS-B396
7,1347778,1,3.0,SS-B397
7,1347778,1,3.0,SS-B399
7,1347778,1,0.0,SS-B407
7,1347778,1,1.0,SS-B553
7,1347778,1,2.0,SS-B563
7,1347778,1,3.0,SS-B564
7,1347778,1,1.0,SS-B565
7,1347778,1,3.0,SS-B569
7,1347778,1,3.0,SS-B570
7,1347778,1,1.0,SS-B574
7,1347778,1,3.0,SS-B575
7,1347778,1,0.0,SS-B579
7,1347778,1,0.0,SS-B580
7,1347778,1,2.0,SS-B584
7,1347778,1,1.0,SS-B585
7,1347778,1,2.0,SS-B586
7,1347778,1,1.0,SS-B587
7,1347778,1,1.0,SS-B588
7,1347778,1,0.0,SS-B589
7,1347778,1,1.0,SS-B591
7,1347778,1,1.0,SS-B598
7,1347778,1,2.0,SS-B599
7,1347778,1,1.0,SS-B600
7,1347778,1,3.0,SS-B605
7,1347778,1,0.0,SS-B606
7,1347778,1,1.0,SS-B611
7,1347778,1,1.0,SS-B621
7,1347778,2,2.0,SS-B869
7,1347778,2,1.0,SS-B872
7,1347778,2,2.0,SS-B873
7,1347778,2,1.0,SS-B874
7,1347778,2,2.0,SS-B876
7,1347778,2,2.0,SS-B880
7,1347778,2,5.0,SS-B886
7,1347778,2,4.0,SS-B887
7,1347778,2,2.0,SS-B890
7,1347778,2,2.0,SS-B892
7,1347778,2,2.0,SS-B896
7,1347778,2,3.0,SS-B898
7,1347778,2,1.0,SS-B901
7,1347778,2,2.0,SS-B905
7,1347778,2,1.0,SS-B906
7,1347778,2,0.0,SS-B908
7,1347778,2,1.0,SS-B926
7,1347778,2,2.0,SS-B927
7,1347778,2,4.0,SS-B929
7,1347778,2,1.0,SS-B930
7,1347778,2,3.0,SS-B952
7,1347778,2,3.0,SS-B956
7,1347778,2,3.0,SS-B960
7,1347778,2,3.0,SS-B961
7,1347778,2,0.0,SS-B996
7,1347778,2,0.0,SS-B997
7,1347778,2,0.0,SS-B998
7,1347778,2,4.0,SS-C001
7,1347778,2,4.0,SS-C026
7,1347778,2,3.0,SS-C029
7,1347778,2,1.0,SS-C031
7,1347778,2,2.0,SS-C033
7,1347778,2,4.0,SS-C036
7,1347778,2,3.0,SS-C039
7,1347778,2,2.0,SS-C242
7,1347778,2,5.0,SS-C271
7,1347778,2,1.0,SS-C272
7,1347778,2,5.0,SS-C290
7,1347778,2,3.0,SS-C291
8,1194303,1,2.0,SS-B307
8,1194303,1,4.0,SS-B308
8,1194303,1,4.0,SS-B310
8,1194303,1,3.0,SS-B311
8,1194303,1,3.0,SS-B312
8,1194303,1,3.0,SS-B313
8,1194303,1,3.0,SS-B314
8,1194303,1,5.0,SS-B315
8,1194303,1,2.0,SS-B316
8,1194303,1,1.0,SS-B317
8,1194303,1,1.0,SS-B350
8,1194303,1,2.0,SS-B354
8,1194303,1,1.0,SS-B356
8,1194303,1,3.0,SS-B357
8,1194303,1,2.0,SS-B358
8,1194303,1,1.0,SS-B360
8,1194303,1,3.0,SS-B364
8,1194303,1,2.0,SS-B366
8,1194303,1,1.0,SS-B368
8,1194303,1,2.0,SS-B369
8,1194303,1,3.0,SS-B373
8,1194303,1,2.0,SS-B374
8,1194303,1,4.0,SS-B378
8,1194303,1,3.0,SS-B379
8,1194303,1,2.0,SS-B382
8,1194303,1,3.0,SS-B383
8,1194303,1,0.0,SS-B387
8,1194303,1,3.0,SS-B396
8,1194303,1,0.0,SS-B397
8,1194303,1,2.0,SS-B399
8,1194303,1,2.0,SS-B407
8,1194303,1,2.0,SS-B553
8,1194303,1,3.0,SS-B563
8,1194303,1,2.0,SS-B564
8,1194303,1,1.0,SS-B565
8,1194303,1,4.0,SS-B569
8,1194303,1,5.0,SS-B570
8,1194303,1,5.0,SS-B574
8,1194303,1,1.0,SS-B575
8,1194303,1,4.0,SS-B579
8,1194303,1,3.0,SS-B580
8,1194303,1,1.0,SS-B584
8,1194303,1,3.0,SS-B585
8,1194303,1,4.0,SS-B586
8,1194303,1,2.0,SS-B587
8,1194303,1,4.0,SS-B588
8,1194303,1,2.0,SS-B589
8,1194303,1,3.0,SS-B591
8,1194303,1,2.0,SS-B598
8,1194303,1,4.0,SS-B599
8,1194303,1,1.0,SS-B600
8,1194303,1,2.0,SS-B605
8,1194303,1,2.0,SS-B606
8,1194303,1,3.0,SS-B611
8,1194303,1,4.0,SS-B621
8,1194303,2,3.0,SS-B869
8,1194303,2,1.0,SS-B872
8,1194303,2,3.0,SS-B873
8,1194303,2,3.0,SS-B874
8,1194303,2,4.0,SS-B876
8,1194303,2,2.0,SS-B880
8,1194303,2,4.0,SS-B886
8,1194303,2,2.0,SS-B887
8,1194303,2,5.0,SS-B890
8,1194303,2,4.0,SS-B892
8,1194303,2,3.0,SS-B896
8,1194303,2,6.0,SS-B898
8,1194303,2,7.0,SS-B901
8,1194303,2,4.0,SS-B905
8,1194303,2,6.0,SS-B906
8,1194303,2,6.0,SS-B908
8,1194303,2,5.0,SS-B926
8,1194303,2,3.0,SS-B927
8,1194303,2,6.0,SS-B929
8,1194303,2,4.0,SS-B930
8,1194303,2,3.0,SS-B952
8,1194303,2,4.0,SS-B956
8,1194303,2,6.0,SS-B960
8,1194303,2,4.0,SS-B961
8,1194303,2,2.0,SS-B996
8,1194303,2,2.0,SS-B997
8,1194303,2,4.0,SS-B998
8,1194303,2,3.0,SS-C001
8,1194303,2,2.0,SS-C026
8,1194303,2,4.0,SS-C029
8,1194303,2,1.0,SS-C031
8,1194303,2,3.0,SS-C033
8,1194303,2,6.0,SS-C036
8,1194303,2,5.0,SS-C039
8,1194303,2,3.0,SS-C242
8,1194303,2,3.0,SS-C271
8,1194303,2,6.0,SS-C272
8,1194303,2,1.0,SS-C290
8,1194303,2,5.0,SS-C291
9,1178642,1,2.0,SS-B307
9,1178642,1,1.0,SS-B308
9,1178642,1,3.0,SS-B310
9,1178642,1,3.0,SS-B311
9,1178642,1,1.0,SS-B312
9,1178642,1,2.0,SS-B313
9,1178642,1,3.0,SS-B314
9,1178642,1,3.0,SS-B315
9,1178642,1,0.0,SS-B316
9,1178642,1,2.0,SS-B317
9,1178642,1,2.0,SS-B350
9,1178642,1,0.0,SS-B354
9,1178642,1,1.0,SS-B356
9,1178642,1,2.0,SS-B357
9,1178642,1,1.0,SS-B358
9,1178642,1,2.0,SS-B360
9,1178642,1,2.0,SS-B364
9,1178642,1,2.0,SS-B366
9,1178642,1,2.0,SS-B368
9,1178642,1,1.0,SS-B369
9,1178642,1,1.0,SS-B373
9,1178642,1,3.0,SS-B374
9,1178642,1,0.0,SS-B378
9,1178642,1,3.0,SS-B379
9,1178642,1,1.0,SS-B382
9,1178642,1,1.0,SS-B383
9,1178642,1,0.0,SS-B387
9,1178642,1,3.0,SS-B396
9,1178642,1,1.0,SS-B397
9,1178642,1,0.0,SS-B399
9,1178642,1,0.0,SS-B407
9,1178642,1,2.0,SS-B553
9,1178642,1,3.0,SS-B563
9,1178642,1,3.0,SS-B564
9,1178642,1,1.0,SS-B565
9,1178642,1,3.0,SS-B569
9,1178642,1,1.0,SS-B570
9,1178642,1,2.0,SS-B574
9,1178642,1,0.0,SS-B575
9,1178642,1,3.0,SS-B579
9,1178642,1,1.0,SS-B580
9,1178642,1,3.0,SS-B584
9,1178642,1,2.0,SS-B585
9,1178642,1,1.0,SS-B586
9,1178642,1,1.0,SS-B587
9,1178642,1,0.0,SS-B588
9,1178642,1,1.0,SS-B589
9,1178642,1,2.0,SS-B591
9,1178642,1,1.0,SS-B598
9,1178642,1,1.0,SS-B599
9,1178642,1,2.0,SS-B600
9,1178642,1,2.0,SS-B605
9,1178642,1,2.0,SS-B606
9,1178642,1,3.0,SS-B611
9,1178642,1,3.0,SS-B621
9,1178642,2,2.0,SS-B869
9,1178642,2,3.0,SS-B872
9,1178642,2,1.0,SS-B873
9,1178642,2,0.0,SS-B874
9,1178642,2,5.0,SS-B876
9,1178642,2,3.0,SS-B880
9,1178642,2,3.0,SS-B886
9,1178642,2,5.0,SS-B887
9,1178642,2,1.0,SS-B890
9,1178642,2,3.0,SS-B892
9,1178642,2,3.0,SS-B896
9,1178642,2,1.0,SS-B898
9,1178642,2,5.0,SS-B901
9,1178642,2,3.0,SS-B905
9,1178642,2,1.0,SS-B906
9,1178642,2,3.0,SS-B908
9,1178642,2,3.0,SS-B926
9,1178642,2,1.0,SS-B927
9,1178642,2,3.0,SS-B929
9,1178642,2,1.0,SS-B930
9,1178642,2,3.0,SS-B952
9,1178642,2,3.0,SS-B956
9,1178642,2,3.0,SS-B960
9,1178642,2,4.0,SS-B961
9,1178642,2,2.0,SS-B996
9,1178642,2,3.0,SS-B997
9,1178642,2,1.0,SS-B998
9,1178642,2,2.0,SS-C001
9,1178642,2,4.0,SS-C026
9,1178642,2,1.0,SS-C029
9,1178642,2,4.0,SS-C031
9,1178642,2,1.0,SS-C033
9,1178642,2,3.0,SS-C036
9,1178642,2,3.0,SS-C039
9,1178642,2,3.0,SS-C242
9,1178642,2,2.0,SS-C271
9,1178642,2,3.0,SS-C272
9,1178642,2,3.0,SS-C290
9,1178642,2,3.0,SS-C291
10,1085711,1,1.0,SS-B307
10,1085711,1,1.0,SS-B308
10,1085711,1,3.0,SS-B310
10,1085711,1,3.0,SS-B311
10,1085711,1,3.0,SS-B312
10,1085711,1,1.0,SS-B313
10,1085711,1,1.0,SS-B314
10,1085711,1,2.0,SS-B315
10,1085711,1,0.0,SS-B316
10,1085711,1,2.0,SS-B317
10,1085711,1,1.0,SS-B350
10,1085711,1,1.0,SS-B354
10,1085711,1,2.0,SS-B356
10,1085711,1,1.0,SS-B357
10,1085711,1,2.0,SS-B358
10,1085711,1,2.0,SS-B360
10,1085711,1,3.0,SS-B364
10,1085711,1,2.0,SS-B366
10,1085711,1,4.0,SS-B368
10,1085711,1,2.0,SS-B369
10,1085711,1,2.0,SS-B373
10,1085711,1,3.0,SS-B374
10,1085711,1,0.0,SS-B378
10,1085711,1,0.0,SS-B379
10,1085711,1,0.0,SS-B382
10,1085711,1,4.0,SS-B383
10,1085711,1,1.0,SS-B387
10,1085711,1,2.0,SS-B396
10,1085711,1,4.0,SS-B397
10,1085711,1,2.0,SS-B399
10,1085711,1,1.0,SS-B407
10,1085711,1,3.0,SS-B553
10,1085711,1,3.0,SS-B563
10,1085711,1,2.0,SS-B564
10,1085711,1,2.0,SS-B565
10,1085711,1,1.0,SS-B569
10,1085711,1,2.0,SS-B570
10,1085711,1,2.0,SS-B574
10,1085711,1,1.0,SS-B575
10,1085711,1,2.0,SS-B579
10,1085711,1,1.0,SS-B580
10,1085711,1,0.0,SS-B584
10,1085711,1,2.0,SS-B585
10,1085711,1,2.0,SS-B586
10,1085711,1,2.0,SS-B587
10,1085711,1,2.0,SS-B588
10,1085711,1,1.0,SS-B589
10,1085711,1,2.0,SS-B591
10,1085711,1,1.0,SS-B598
10,1085711,1,2.0,SS-B599
10,1085711,1,1.0,SS-B600
10,1085711,1,2.0,SS-B605
10,1085711,1,2.0,SS-B606
10,1085711,1,1.0,SS-B611
10,1085711,1,2.0,SS-B621
10,1085711,2,2.0,SS-B869
10,1085711,2,0.0,SS-B872
10,1085711,2,1.0,SS-B873
10,1085711,2,1.0,SS-B874
10,1085711,2,1.0,SS-B876
10,1085711,2,3.0,SS-B880
10,1085711,2,2.0,SS-B886
10,1085711,2,2.0,SS-B887
10,1085711,2,3.0,SS-B890
10,1085711,2,0.0,SS-B892
10,1085711,2,1.0,SS-B896
10,1085711,2,3.0,SS-B898
10,1085711,2,1.0,SS-B901
10,1085711,2,2.0,SS-B905
10,1085711,2,1.0,SS-B906
10,1085711,2,2.0,SS-B908
10,1085711,2,2.0,SS-B926
10,1085711,2,3.0,SS-B927
10,1085711,2,2.0,SS-B929
10,1085711,2,1.0,SS-B930
10,1085711,2,2.0,SS-B952
10,1085711,2,4.0,SS-B956
10,1085711,2,5.0,SS-B960
10,1085711,2,2.0,SS-B961
10,1085711,2,1.0,SS-B996
10,1085711,2,1.0,SS-B997
10,1085711,2,0.0,SS-B998
10,1085711,2,2.0,SS-C001
10,1085711,2,6.0,SS-C026
10,1085711,2,0.0,SS-C029
10,1085711,2,3.0,SS-C031
10,1085711,2,4.0,SS-C033
10,1085711,2,5.0,SS-C036
10,1085711,2,5.0,SS-C039
10,1085711,2,4.0,SS-C242
10,1085711,2,3.0,SS-C271
10,1085711,2,1.0,SS-C272
10,1085711,2,3.0,SS-C290
10,1085711,2,4.0,SS-C291
11,1019830,1,3.0,SS-B307
11,1019830,1,0.0,SS-B308
11,1019830,1,1.0,SS-B310
11,1019830,1,2.0,SS-B311
11,1019830,1,3.0,SS-B312
11,1019830,1,3.0,SS-B313
11,1019830,1,2.0,SS-B314
11,1019830,1,1.0,SS-B315
11,1019830,1,4.0,SS-B316
11,1019830,1,1.0,SS-B317
11,1019830,1,2.0,SS-B350
11,1019830,1,2.0,SS-B354
11,1019830,1,2.0,SS-B356
11,1019830,1,2.0,SS-B357
11,1019830,1,0.0,SS-B358
11,1019830,1,1.0,SS-B360
11,1019830,1,2.0,SS-B364
11,1019830,1,2.0,SS-B366
11,1019830,1,0.0,SS-B368
11,1019830,1,1.0,SS-B369
11,1019830,1,1.0,SS-B373
11,1019830,1,1.0,SS-B374
11,1019830,1,1.0,SS-B378
11,1019830,1,0.0,SS-B379
11,1019830,1,3.0,SS-B382
11,1019830,1,3.0,SS-B383
11,1019830,1,1.0,SS-B387
11,1019830,1,2.0,SS-B396
11,1019830,1,3.0,SS-B397
11,1019830,1,2.0,SS-B399
11,1019830,1,2.0,SS-B407
11,1019830,1,2.0,SS-B553
11,1019830,1,2.0,SS-B563
11,1019830,1,1.0,SS-B564
11,1019830,1,0.0,SS-B565
11,1019830,1,3.0,SS-B569
11,1019830,1,1.0,SS-B570
11,1019830,1,3.0,SS-B574
11,1019830,1,2.0,SS-B575
11,1019830,1,3.0,SS-B579
11,1019830,1,1.0,SS-B580
11,1019830,1,2.0,SS-B584
11,1019830,1,0.0,SS-B585
11,1019830,1,1.0,SS-B586
11,1019830,1,3.0,SS-B587
11,1019830,1,2.0,SS-B588
11,1019830,1,3.0,SS-B589
11,1019830,1,2.0,SS-B591
11,1019830,1,1.0,SS-B598
11,1019830,1,1.0,SS-B599
11,1019830,1,2.0,SS-B600
11,1019830,1,2.0,SS-B605
11,1019830,1,1.0,SS-B606
11,1019830,1,2.0,SS-B611
11,1019830,1,3.0,SS-B621
11,1019830,2,4.0,SS-B869
11,1019830,2,1.0,SS-B872
11,1019830,2,3.0,SS-B873
11,1019830,2,0.0,SS-B874
11,1019830,2,3.0,SS-B876
11,1019830,2,4.0,SS-B880
11,1019830,2,2.0,SS-B886
11,1019830,2,5.0,SS-B887
11,1019830,2,3.0,SS-B890
11,1019830,2,1.0,SS-B892
11,1019830,2,2.0,SS-B896
11,1019830,2,2.0,SS-B898
11,1019830,2,1.0,SS-B901
11,1019830,2,5.0,SS-B905
11,1019830,2,3.0,SS-B906
11,1019830,2,3.0,SS-B908
11,1019830,2,1.0,SS-B926
11,1019830,2,2.0,SS-B927
11,1019830,2,2.0,SS-B929
11,1019830,2,1.0,SS-B930
11,1019830,2,2.0,SS-B952
11,1019830,2,3.0,SS-B956
11,1019830,2,3.0,SS-B960
11,1019830,2,3.0,SS-B961
11,1019830,2,2.0,SS-B996
11,1019830,2,2.0,SS-B997
11,1019830,2,1.0,SS-B998
11,1019830,2,3.0,SS-C001
11,1019830,2,2.0,SS-C026
11,1019830,2,1.0,SS-C029
11,1019830,2,5.0,SS-C031
11,1019830,2,4.0,SS-C033
11,1019830,2,3.0,SS-C036
11,1019830,2,4.0,SS-C039
11,1019830,2,1.0,SS-C242
11,1019830,2,2.0,SS-C271
11,1019830,2,0.0,SS-C272
11,1019830,2,0.0,SS-C290
11,1019830,2,1.0,SS-C291
12,906713,1,1.0,SS-B307
12,906713,1,2.0,SS-B308
12,906713,1,1.0,SS-B310
12,906713,1,1.0,SS-B311
12,906713,1,2.0,SS-B312
12,906713,1,1.0,SS-B313
12,906713,1,2.0,SS-B314
12,906713,1,3.0,SS-B315
12,906713,1,2.0,SS-B316
12,906713,1,1.0,SS-B317
12,906713,1,3.0,SS-B350
12,906713,1,1.0,SS-B354
12,906713,1,0.0,SS-B356
12,906713,1,0.0,SS-B357
12,906713,1,1.0,SS-B358
12,906713,1,0.0,SS-B360
12,906713,1,3.0,SS-B364
12,906713,1,1.0,SS-B366
12,906713,1,3.0,SS-B368
12,906713,1,3.0,SS-B369
12,906713,1,1.0,SS-B373
12,906713,1,1.0,SS-B374
12,906713,1,3.0,SS-B378
12,906713,1,0.0,SS-B379
12,906713,1,1.0,SS-B382
12,906713,1,1.0,SS-B383
12,906713,1,1.0,SS-B387
12,906713,1,0.0,SS-B396
12,906713,1,2.0,SS-B397
12,906713,1,2.0,SS-B399
12,906713,1,1.0,SS-B407
12,906713,1,3.0,SS-B553
12,906713,1,3.0,SS-B563
12,906713,1,0.0,SS-B564
12,906713,1,2.0,SS-B565
12,906713,1,3.0,SS-B569
12,906713,1,1.0,SS-B570
12,906713,1,3.0,SS-B574
12,906713,1,1.0,SS-B575
12,906713,1,3.0,SS-B579
12,906713,1,3.0,SS-B580
12,906713,1,1.0,SS-B584
12,906713,1,2.0,SS-B585
12,906713,1,1.0,SS-B586
12,906713,1,1.0,SS-B587
12,906713,1,1.0,SS-B588
12,906713,1,1.0,SS-B589
12,906713,1,2.0,SS-B591
12,906713,1,0.0,SS-B598
12,906713,1,0.0,SS-B599
12,906713,1,1.0,SS-B600
12,906713,1,0.0,SS-B605
12,906713,1,1.0,SS-B606
12,906713,1,3.0,SS-B611
12,906713,1,1.0,SS-B621
12,906713,2,0.0,SS-B869
12,906713,2,1.0,SS-B872
12,906713,2,1.0,SS-B873
12,906713,2,2.0,SS-B874
12,906713,2,1.0,SS-B876
12,906713,2,2.0,SS-B880
12,906713,2,3.0,SS-B886
12,906713,2,3.0,SS-B887
12,906713,2,2.0,SS-B890
12,906713,2,1.0,SS-B892
12,906713,2,1.0,SS-B896
12,906713,2,1.0,SS-B898
12,906713,2,1.0,SS-B901
12,906713,2,2.0,SS-B905
12,906713,2,2.0,SS-B906
12,906713,2,1.0,SS-B908
12,906713,2,2.0,SS-B926
12,906713,2,4.0,SS-B927
12,906713,2,1.0,SS-B929
12,906713,2,2.0,SS-B930
12,906713,2,2.0,SS-B952
12,906713,2,3.0,SS-B956
12,906713,2,1.0,SS-B960
12,906713,2,3.0,SS-B961
12,906713,2,0.0,SS-B996
12,906713,2,1.0,SS-B997
12,906713,2,1.0,SS-B998
12,906713,2,2.0,SS-C001
12,906713,2,0.0,SS-C026
12,906713,2,1.0,SS-C029
12,906713,2,0.0,SS-C031
12,906713,2,1.0,SS-C033
12,906713,2,3.0,SS-C036
12,906713,2,1.0,SS-C039
12,906713,2,1.0,SS-C242
12,906713,2,3.0,SS-C271
12,906713,2,1.0,SS-C272
12,906713,2,0.0,SS-C290
12,906713,2,1.0,SS-C291
13,787979,1,1.0,SS-B307
13,787979,1,1.0,SS-B308
13,787979,1,0.0,SS-B310
13,787979,1,1.0,SS-B311
13,787979,1,1.0,SS-B312
13,787979,1,2.0,SS-B313
13,787979,1,2.0,SS-B314
13,787979,1,3.0,SS-B315
13,787979,1,2.0,SS-B316
13,787979,1,2.0,SS-B317
13,787979,1,1.0,SS-B350
13,787979,1,0.0,SS-B354
13,787979,1,1.0,SS-B356
13,787979,1,2.0,SS-B357
13,787979,1,1.0,SS-B358
13,787979,1,1.0,SS-B360
13,787979,1,1.0,SS-B364
13,787979,1,2.0,SS-B366
13,787979,1,0.0,SS-B368
13,787979,1,2.0,SS-B369
13,787979,1,2.0,SS-B373
13,787979,1,3.0,SS-B374
13,787979,1,3.0,SS-B378
13,787979,1,2.0,SS-B379
13,787979,1,2.0,SS-B382
13,787979,1,3.0,SS-B383
13,787979,1,2.0,SS-B387
13,787979,1,2.0,SS-B396
13,787979,1,3.0,SS-B397
13,787979,1,0.0,SS-B399
13,787979,1,1.0,SS-B407
13,787979,1,3.0,SS-B553
13,787979,1,1.0,SS-B563
13,787979,1,3.0,SS-B564
13,787979,1,1.0,SS-B565
13,787979,1,3.0,SS-B569
13,787979,1,3.0,SS-B570
13,787979,1,2.0,SS-B574
13,787979,1,1.0,SS-B575
13,787979,1,1.0,SS-B579
13,787979,1,3.0,SS-B580
13,787979,1,2.0,SS-B584
13,787979,1,2.0,SS-B585
13,787979,1,2.0,SS-B586
13,787979,1,1.0,SS-B587
13,787979,1,2.0,SS-B588
13,787979,1,0.0,SS-B589
13,787979,1,1.0,SS-B591
13,787979,1,1.0,SS-B598
13,787979,1,2.0,SS-B599
13,787979,1,2.0,SS-B600
13,787979,1,3.0,SS-B605
13,787979,1,0.0,SS-B606
13,787979,1,1.0,SS-B611
13,787979,1,2.0,SS-B621
13,787979,2,1.0,SS-B869
13,787979,2,1.0,SS-B872
13,787979,2,0.0,SS-B873
13,787979,2,0.0,SS-B874
13,787979,2,2.0,SS-B876
13,787979,2,2.0,SS-B880
13,787979,2,3.0,SS-B886
13,787979,2,3.0,SS-B887
13,787979,2,0.0,SS-B890
13,787979,2,1.0,SS-B892
13,787979,2,1.0,SS-B896
13,787979,2,2.0,SS-B898
13,787979,2,1.0,SS-B901
13,787979,2,2.0,SS-B905
13,787979,2,1.0,SS-B906
13,787979,2,1.0,SS-B908
13,787979,2,2.0,SS-B926
13,787979,2,0.0,SS-B927
13,787979,2,1.0,SS-B929
13,787979,2,3.0,SS-B930
13,787979,2,1.0,SS-B952
13,787979,2,4.0,SS-B956
13,787979,2,2.0,SS-B960
13,787979,2,1.0,SS-B961
13,787979,2,2.0,SS-B996
13,787979,2,0.0,SS-B997
13,787979,2,2.0,SS-B998
13,787979,2,3.0,SS-C001
13,787979,2,5.0,SS-C026
13,787979,2,1.0,SS-C029
13,787979,2,0.0,SS-C031
13,787979,2,2.0,SS-C033
13,787979,2,2.0,SS-C036
13,787979,2,1.0,SS-C039
13,787979,2,1.0,SS-C242
13,787979,2,2.0,SS-C271
13,787979,2,4.0,SS-C272
13,787979,2,3.0,SS-C290
13,787979,2,2.0,SS-C291
14,762695,1,2.0,SS-B307
14,762695,1,2.0,SS-B308
14,762695,1,3.0,SS-B310
14,762695,1,1.0,SS-B311
14,762695,1,1.0,SS-B312
14,762695,1,2.0,SS-B313
14,762695,1,1.0,SS-B314
14,762695,1,2.0,SS-B315
14,762695,1,2.0,SS-B316
14,762695,1,2.0,SS-B317
14,762695,1,2.0,SS-B350
14,762695,1,0.0,SS-B354
14,762695,1,2.0,SS-B356
14,762695,1,0.0,SS-B357
14,762695,1,1.0,SS-B358
14,762695,1,1.0,SS-B360
14,762695,1,2.0,SS-B364
14,762695,1,1.0,SS-B366
14,762695,1,1.0,SS-B368
14,762695,1,2.0,SS-B369
14,762695,1,1.0,SS-B373
14,762695,1,1.0,SS-B374
14,762695,1,1.0,SS-B378
14,762695,1,2.0,SS-B379
14,762695,1,0.0,SS-B382
14,762695,1,1.0,SS-B383
14,762695,1,0.0,SS-B387
14,762695,1,0.0,SS-B396
14,762695,1,1.0,SS-B397
14,762695,1,2.0,SS-B399
14,762695,1,1.0,SS-B407
14,762695,1,4.0,SS-B553
14,762695,1,1.0,SS-B563
14,762695,1,1.0,SS-B564
14,762695,1,1.0,SS-B565
14,762695,1,3.0,SS-B569
14,762695,1,2.0,SS-B570
14,762695,1,0.0,SS-B574
14,762695,1,2.0,SS-B575
14,762695,1,2.0,SS-B579
14,762695,1,2.0,SS-B580
14,762695,1,1.0,SS-B584
14,762695,1,1.0,SS-B585
14,762695,1,1.0,SS-B586
14,762695,1,2.0,SS-B587
14,762695,1,2.0,SS-B588
14,762695,1,1.0,SS-B589
14,762695,1,2.0,SS-B591
14,762695,1,2.0,SS-B598
14,762695,1,0.0,SS-B599
14,762695,1,1.0,SS-B600
14,762695,1,1.0,SS-B605
14,762695,1,3.0,SS-B606
14,762695,1,2.0,SS-B611
14,762695,1,2.0,SS-B621
14,762695,2,2.0,SS-B869
14,762695,2,3.0,SS-B872
14,762695,2,1.0,SS-B873
14,762695,2,0.0,SS-B874
14,762695,2,2.0,SS-B876
14,762695,2,0.0,SS-B880
14,762695,2,2.0,SS-B886
14,762695,2,0.0,SS-B887
14,762695,2,3.0,SS-B890
14,762695,2,0.0,SS-B892
14,762695,2,3.0,SS-B896
14,762695,2,0.0,SS-B898
14,762695,2,1.0,SS-B901
14,762695,2,1.0,SS-B905
14,762695,2,2.0,SS-B906
14,762695,2,3.0,SS-B908
14,762695,2,1.0,SS-B926
14,762695,2,2.0,SS-B927
14,762695,2,2.0,SS-B929
14,762695,2,3.0,SS-B930
14,762695,2,3.0,SS-B952
14,762695,2,3.0,SS-B956
14,762695,2,2.0,SS-B960
14,762695,2,0.0,SS-B961
14,762695,2,1.0,SS-B996
14,762695,2,0.0,SS-B997
14,762695,2,2.0,SS-B998
14,762695,2,1.0,SS-C001
14,762695,2,1.0,SS-C026
14,762695,2,2.0,SS-C029
14,762695,2,1.0,SS-C031
14,762695,2,2.0,SS-C033
14,762695,2,3.0,SS-C036
14,762695,2,2.0,SS-C039
14,762695,2,3.0,SS-C242
14,762695,2,4.0,SS-C271
14,762695,2,1.0,SS-C272
14,762695,2,4.0,SS-C290
14,762695,2,2.0,SS-C291
