,Oldchrom,Chrom,Newchrom,Newpos,Left,Right,Seqid
0,1.0,1,1.0,2264002,25980,2264002,CP003820.1
1,2.0,2,2.0,1619187,421,1619187,CP003821.1
2,3.1,3,3.1,843975,88986,932960,CP003822.1
3,11.2,3,11.1,1041569,936641,1554360,CP003822.1
4,3.2,11,3.1,1933908,13860,1103792,CP003830.1
5,11.1,11,11.1,423849,1105609,1529457,CP003830.1
6,4.0,4,4.0,1059391,15605,1059391,CP003823.1
7,5.0,5,5.0,1793420,34916,1793420,CP003824.1
8,6.0,6,6.0,1417305,16119,1417305,CP003825.1
9,7.0,7,7.0,1374738,12837,1374738,CP003826.1
10,8.0,8,8.0,1387111,38163,1387111,CP003827.1
11,9.0,9,9.0,1155758,9637,1155758,CP003828.1
12,10.0,10,10.0,1051064,2132,1051064,CP003829.1
13,12.0,12,12.0,757671,20826,757671,CP003831.1
14,13.0,13,13.0,740195,8494,740195,CP003832.1
15,14.0,14,14.0,926840,10015,926840,CP003833.2
