Lane,Project,Sample,Barcode Sequence,PF Cluster,% of the lane,% perfect barcode,% one mismatch barcode,Yield (Mbases),%PF Clusters,% >= Q30 bases,Mean Quality Score,Log2 PF Cluster,Coverage
1,Murray_6519_201015B6,PMY2585,ATAGATCC+ATAGAGAG,70489,0.01,21.26,78.74,21,100.0,89.92,35.17,16.10511051814406,1.1179200038570294
1,Murray_6519_201015B6,PMY2586,AACCAATC+ATGTATCA,199982,0.04,17.47,82.53,60,100.0,90.26,35.23,17.609510626039867,3.1716137015894175
1,Murray_6519_201015B6,PMY2587,ACTCACCG+CCTCCATA,91503,0.02,91.79,8.21,28,100.0,89.99,35.18,16.481531423647464,1.4511914499131746
1,Murray_6519_201015B6,PMY2589,CCTTATGT+CCTCCATA,128437,0.03,92.88,7.12,39,100.0,90.11,35.21,16.97070134688914,2.0369460701015094
1,Murray_6519_201015B6,PMY2597,TGGTGGAA+ATAGAGAG,312321,0.07,19.0,81.0,94,100.0,89.05,35.02,18.25267005172769,4.953253607295199
1,Murray_6519_201015B6,PMY2600,CAGAAGAA+ATAGAGAG,28316,0.01,16.99,83.01,9,100.0,88.66,34.91,14.789329860092431,0.44907748484466575
1,Murray_6519_201015B6,PMY2601,CAGGAAGG+ATAGAGAG,205806,0.04,19.84,80.16,62,100.0,89.92,35.18,17.65092551713548,3.263979405493053
1,Murray_6519_201015B6,PMY2602,CGTCTGAA+ATAGAGAG,308803,0.07,16.99,83.01,93,100.0,89.42,35.09,18.23632724279442,4.897459900850661
1,Murray_6519_201015B6,PMY2606,CCGAGTTA+CCTCCATA,256069,0.05,94.34,5.66,77,100.0,91.52,35.51,17.96617308366544,4.0611252460336456
1,Murray_6519_201015B6,PMY2609,CTGTACGC+CCTCCATA,262014,0.06,91.79,8.21,79,100.0,90.52,35.3,17.999284374714644,4.1554099489366525
1,Murray_6519_201015B6,PMY2620,CAGAAGAA+AGTTTCCT,157576,0.03,13.31,86.69,48,100.0,89.41,35.07,17.265688292748575,2.499075920041074
1,Murray_6519_201015B6,PMY2633,CGTCTGAA+CCTCCATA,157207,0.03,92.92,7.08,47,100.0,90.43,35.28,17.26230593274863,2.493223766067784
1,Murray_6519_201015B6,PMY2676,AACCAATC+ATAGAGAG,234630,0.05,16.72,83.28,71,100.0,89.54,35.11,17.840027963865232,3.721113514235906
1,Murray_6519_201015B6,PMY2690,TGTAAGAC+ATAGAGAG,194502,0.04,15.68,84.32,59,100.0,89.78,35.15,17.569425464482453,3.084703664262508
1,Murray_6519_201015B6,PMY2741,ACGAAGCG+CCTCCATA,2797,0.0,80.44,19.56,1,100.0,85.77,34.34,11.449664538476192,0.04435900992762149
1,Murray_6519_201015B6,PMY2748,CACCGCAA+ATAGAGAG,292952,0.06,14.59,85.41,88,100.0,89.39,35.07,18.16030477377756,4.646071031932989
1,Murray_6519_201015B6,PMY2817,GATGAGAA+AGTTTCCT,144455,0.03,16.56,83.44,44,100.0,89.78,35.14,17.14026061499814,2.290983474828231
1,Murray_6519_201015B6,PMY2820,ATTCTCCA+AGTTTCCT,304231,0.06,13.43,86.57,92,100.0,89.96,35.18,18.214807640213255,4.8249502857669695
1,Murray_6519_201015B6,PMY2821,CGCAACAG+AGTTTCCT,236341,0.05,17.52,82.48,71,100.0,90.14,35.21,17.850510401529867,3.7482491116567718
1,Murray_6519_201015B6,PMY2823,ATGGAACA+AGTTTCCT,120079,0.03,14.88,85.12,36,100.0,89.88,35.16,16.87362434200898,1.9043924036821098
1,Murray_6519_201015B6,PMY2828,TCACTCAC+AGTTTCCT,132115,0.03,14.53,85.47,40,100.0,90.27,35.24,17.01143475023478,2.095277295884059
1,Murray_6519_201015B6,PMY2829,CAGGCTTC+AGTTTCCT,63085,0.01,14.56,85.44,19,100.0,89.31,35.04,15.945009389540484,1.0004962964905262
1,Murray_6519_201015B6,PMY2861,ACATCCTT+CCTCCATA,215506,0.05,93.32,6.68,65,100.0,91.51,35.5,17.71736851103538,3.4178165153600273
1,Murray_6519_201015B6,PMY2870,CTAGCCGA+ATGTATCA,249387,0.05,15.47,84.53,75,100.0,90.63,35.29,17.928026737020783,3.9551520946799217
1,Murray_6519_201015B6,PMY2930,CAAGTAGT+ATAGAGAG,301930,0.06,18.3,81.7,91,100.0,89.14,35.02,18.203854585713476,4.788457585787185
2,Murray_6519_201015B6,PMY2585,ATAGATCC+ATAGAGAG,94147,0.02,16.96,83.04,28,100.0,90.32,35.26,16.522627503554336,1.4931239569738222
2,Murray_6519_201015B6,PMY2586,AACCAATC+ATGTATCA,204006,0.04,16.67,83.33,62,100.0,90.34,35.25,17.638252058216676,3.2354323129404183
2,Murray_6519_201015B6,PMY2587,ACTCACCG+CCTCCATA,93830,0.02,94.0,6.0,28,100.0,90.02,35.18,16.51776164484295,1.488096496785386
2,Murray_6519_201015B6,PMY2589,CCTTATGT+CCTCCATA,132602,0.03,94.54,5.46,40,100.0,90.09,35.21,17.01674300982941,2.103000870369133
2,Murray_6519_201015B6,PMY2600,CAGAAGAA+ATAGAGAG,38373,0.01,13.74,86.26,12,100.0,89.04,34.99,15.227803938754775,0.6085764347345797
2,Murray_6519_201015B6,PMY2601,CAGGAAGG+ATAGAGAG,279812,0.06,15.69,84.31,85,100.0,90.37,35.28,18.094098309595868,4.437677256298757
2,Murray_6519_201015B6,PMY2606,CCGAGTTA+CCTCCATA,261808,0.05,96.21,3.79,79,100.0,91.57,35.52,17.998149656456363,4.152142892788962
2,Murray_6519_201015B6,PMY2609,CTGTACGC+CCTCCATA,267129,0.06,94.43,5.57,81,100.0,90.55,35.31,18.027177080455104,4.236531270273722
2,Murray_6519_201015B6,PMY2620,CAGAAGAA+AGTTTCCT,162143,0.03,12.46,87.54,49,100.0,89.45,35.08,17.306907215879153,2.571506237645453
2,Murray_6519_201015B6,PMY2633,CGTCTGAA+CCTCCATA,160391,0.03,95.07,4.93,48,100.0,90.41,35.27,17.291233664735547,2.543720400894222
2,Murray_6519_201015B6,PMY2690,TGTAAGAC+ATAGAGAG,267144,0.06,12.56,87.44,81,100.0,90.23,35.25,18.027258089323674,4.236769162711661
2,Murray_6519_201015B6,PMY2741,ACGAAGCG+CCTCCATA,2752,0.0,78.71,21.29,1,100.0,85.78,34.35,11.426264754702098,0.043645332613805626
2,Murray_6519_201015B6,PMY2817,GATGAGAA+AGTTTCCT,147726,0.03,15.73,84.27,45,100.0,89.82,35.15,17.172564239401765,2.342859885794713
2,Murray_6519_201015B6,PMY2820,ATTCTCCA+AGTTTCCT,311616,0.06,12.9,87.1,94,100.0,90.02,35.19,18.249409785269126,4.942072662712084
2,Murray_6519_201015B6,PMY2821,CGCAACAG+AGTTTCCT,242472,0.05,16.71,83.29,73,100.0,90.14,35.22,17.887458632897676,3.8454836807902173
2,Murray_6519_201015B6,PMY2823,ATGGAACA+AGTTTCCT,122991,0.03,14.25,85.75,37,100.0,89.92,35.17,16.908193223087302,1.9505752556339273
2,Murray_6519_201015B6,PMY2828,TCACTCAC+AGTTTCCT,135454,0.03,13.97,86.03,41,100.0,90.3,35.25,17.047443471852386,2.148232152569196
2,Murray_6519_201015B6,PMY2829,CAGGCTTC+AGTTTCCT,65225,0.01,13.63,86.37,20,100.0,89.32,35.04,15.993137418592177,1.034435617636436
2,Murray_6519_201015B6,PMY2861,ACATCCTT+CCTCCATA,218711,0.05,95.26,4.74,66,100.0,91.59,35.51,17.738666256534586,3.4686461995995796
2,Murray_6519_201015B6,PMY2870,CTAGCCGA+ATGTATCA,255259,0.05,14.69,85.31,77,100.0,90.77,35.32,17.961602303420257,4.0482790543849605
